source,target,score
511145.b0008,511145.b1779,0.957
511145.b0008,511145.b2417,0.841
511145.b0008,511145.b2779,0.953
511145.b0008,511145.b2925,0.965
511145.b0008,511145.b3919,0.975
511145.b0008,511145.b2029,0.932
511145.b0008,511145.b0755,0.91
511145.b0008,511145.b2926,0.811
511145.b0008,511145.b1676,0.92
511145.b0008,511145.b2914,0.757
511145.b0008,511145.b0114,0.874
511145.b0014,511145.b4142,0.999
511145.b0014,511145.b3734,0.715
511145.b0014,511145.b0957,0.847
511145.b0014,511145.b3609,0.83
511145.b0014,511145.b4143,0.999
511145.b0014,511145.b0911,0.816
511145.b0014,511145.b0605,0.768
511145.b0014,511145.b1779,0.906
511145.b0014,511145.b2779,0.702
511145.b0014,511145.b4034,0.864
511145.b0014,511145.b3340,0.785
511145.b0014,511145.b3349,0.707
511145.b0014,511145.b0178,0.706
511145.b0014,511145.b3295,0.829
511145.b0014,511145.b0436,0.917
511145.b0014,511145.b2614,0.999
511145.b0014,511145.b2592,0.999
511145.b0014,511145.b3164,0.72
511145.b0014,511145.b1923,0.875
511145.b0014,511145.b3317,0.741
511145.b0014,511145.b3987,0.841
511145.b0023,511145.b3297,0.999
511145.b0023,511145.b0169,0.999
511145.b0023,511145.b0170,0.875
511145.b0023,511145.b1716,0.994
511145.b0023,511145.b3340,0.964
511145.b0023,511145.b3231,0.999
511145.b0023,511145.b0957,0.819
511145.b0023,511145.b4202,0.999
511145.b0023,511145.b2609,0.999
511145.b0023,511145.b1480,0.72
511145.b0023,511145.b3304,0.985
511145.b0023,511145.b3339,0.999
511145.b0023,511145.b3298,0.997
511145.b0023,511145.b3319,0.991
511145.b0023,511145.b3186,0.999
511145.b0023,511145.b3305,0.993
511145.b0023,511145.b0172,0.941
511145.b0023,511145.b3302,0.981
511145.b0023,511145.b3636,0.998
511145.b0023,511145.b3065,0.999
511145.b0023,511145.b4203,0.991
511145.b0023,511145.b3295,0.992
511145.b0023,511145.b3310,0.991
511145.b0023,511145.b3301,0.981
511145.b0023,511145.b3311,0.998
511145.b0023,511145.b4200,0.999
511145.b0023,511145.b3309,0.985
511145.b0023,511145.b0436,0.967
511145.b0023,511145.b3988,0.834
511145.b0023,511145.b3321,0.999
511145.b0023,511145.b3341,0.996
511145.b0023,511145.b3230,0.999
511145.b0023,511145.b3203,0.995
511145.b0023,511145.b3984,0.995
511145.b0023,511145.b3165,0.999
511145.b0023,511145.b1089,0.998
511145.b0023,511145.b3308,0.983
511145.b0023,511145.b3936,0.995
511145.b0023,511145.b3983,0.999
511145.b0023,511145.b3980,0.879
511145.b0023,511145.b3985,0.999
511145.b0023,511145.b3306,0.997
511145.b0023,511145.b2606,0.995
511145.b0023,511145.b3185,0.999
511145.b0023,511145.b3986,0.994
511145.b0023,511145.b3312,0.992
511145.b0023,511145.b0911,0.982
511145.b0023,511145.b3315,0.987
511145.b0023,511145.b3317,0.984
511145.b0023,511145.b3649,0.918
511145.b0023,511145.b3296,0.998
511145.b0023,511145.b3316,0.996
511145.b0023,511145.b2597,0.896
511145.b0023,511145.b2185,0.997
511145.b0023,511145.b3294,0.993
511145.b0023,511145.b3314,0.995
511145.b0023,511145.b3703,0.998
511145.b0023,511145.b3342,0.997
511145.b0023,511145.b3307,0.997
511145.b0023,511145.b3987,0.856
511145.b0023,511145.b1718,0.839
511145.b0023,511145.b3320,0.99
511145.b0023,511145.b3303,0.995
511145.b0023,511145.b3313,0.984
511145.b0023,511145.b3637,0.999
511145.b0114,511145.b0115,0.999
511145.b0114,511145.b2925,0.88
511145.b0114,511145.b4069,0.884
511145.b0114,511145.b1415,0.901
511145.b0114,511145.b0903,0.952
511145.b0114,511145.b0727,0.783
511145.b0114,511145.b0720,0.891
511145.b0114,511145.b1676,0.957
511145.b0114,511145.b3403,0.9
511145.b0114,511145.b0116,0.999
511145.b0115,511145.b4015,0.717
511145.b0115,511145.b4069,0.938
511145.b0115,511145.b0728,0.954
511145.b0115,511145.b0720,0.972
511145.b0115,511145.b0903,0.945
511145.b0115,511145.b1676,0.772
511145.b0115,511145.b0729,0.95
511145.b0115,511145.b3403,0.944
511145.b0115,511145.b4014,0.942
511145.b0115,511145.b1241,0.95
511145.b0115,511145.b0116,0.999
511145.b0116,511145.b3870,0.834
511145.b0116,511145.b0118,0.708
511145.b0116,511145.b2551,0.949
511145.b0116,511145.b3517,0.853
511145.b0116,511145.b1676,0.815
511145.b0116,511145.b0729,0.86
511145.b0116,511145.b0720,0.942
511145.b0116,511145.b0727,0.999
511145.b0116,511145.b3236,0.757
511145.b0116,511145.b0903,0.972
511145.b0116,511145.b4015,0.786
511145.b0116,511145.b1136,0.919
511145.b0116,511145.b0728,0.884
511145.b0116,511145.b4014,0.729
511145.b0118,511145.b1136,0.995
511145.b0118,511145.b4015,0.974
511145.b0118,511145.b3403,0.707
511145.b0118,511145.b3236,0.958
511145.b0118,511145.b0728,0.975
511145.b0118,511145.b0727,0.969
511145.b0118,511145.b0720,0.997
511145.b0118,511145.b0729,0.896
511145.b0166,511145.b3433,0.871
511145.b0169,511145.b3313,0.999
511145.b0169,511145.b3637,0.998
511145.b0169,511145.b3303,0.999
511145.b0169,511145.b3320,0.999
511145.b0169,511145.b1718,0.994
511145.b0169,511145.b2779,0.847
511145.b0169,511145.b3703,0.98
511145.b0169,511145.b3342,0.999
511145.b0169,511145.b3987,0.998
511145.b0169,511145.b3307,0.999
511145.b0169,511145.b2185,0.999
511145.b0169,511145.b2597,0.889
511145.b0169,511145.b3316,0.999
511145.b0169,511145.b3296,0.999
511145.b0169,511145.b3294,0.999
511145.b0169,511145.b3314,0.999
511145.b0169,511145.b3317,0.999
511145.b0169,511145.b3649,0.985
511145.b0169,511145.b3315,0.999
511145.b0169,511145.b0911,0.999
511145.b0169,511145.b3986,0.999
511145.b0169,511145.b3312,0.998
511145.b0169,511145.b2606,0.999
511145.b0169,511145.b3185,0.999
511145.b0169,511145.b3306,0.999
511145.b0169,511145.b3985,0.999
511145.b0169,511145.b3983,0.999
511145.b0169,511145.b3936,0.985
511145.b0169,511145.b3308,0.999
511145.b0169,511145.b3980,0.981
511145.b0169,511145.b1089,0.998
511145.b0169,511145.b3165,0.999
511145.b0169,511145.b3984,0.999
511145.b0169,511145.b3203,0.995
511145.b0169,511145.b3230,0.999
511145.b0169,511145.b3321,0.999
511145.b0169,511145.b3341,0.999
511145.b0169,511145.b3301,0.999
511145.b0169,511145.b3309,0.999
511145.b0169,511145.b4200,0.999
511145.b0169,511145.b3311,0.999
511145.b0169,511145.b3988,0.986
511145.b0169,511145.b0436,0.997
511145.b0169,511145.b4203,0.998
511145.b0169,511145.b3310,0.999
511145.b0169,511145.b3295,0.999
511145.b0169,511145.b3302,0.999
511145.b0169,511145.b3065,0.999
511145.b0169,511145.b3636,0.993
511145.b0169,511145.b3305,0.999
511145.b0169,511145.b3732,0.712
511145.b0169,511145.b0172,0.999
511145.b0169,511145.b3186,0.999
511145.b0169,511145.b3298,0.999
511145.b0169,511145.b3339,0.999
511145.b0169,511145.b3319,0.999
511145.b0169,511145.b3304,0.999
511145.b0169,511145.b4226,0.714
511145.b0169,511145.b2609,0.999
511145.b0169,511145.b1480,0.814
511145.b0169,511145.b4202,0.999
511145.b0169,511145.b1676,0.84
511145.b0169,511145.b0957,0.863
511145.b0169,511145.b4143,0.847
511145.b0169,511145.b3231,0.999
511145.b0169,511145.b2926,0.743
511145.b0169,511145.b2518,0.978
511145.b0169,511145.b3340,0.999
511145.b0169,511145.b3297,0.999
511145.b0169,511145.b3734,0.819
511145.b0169,511145.b3349,0.744
511145.b0169,511145.b1716,0.999
511145.b0169,511145.b0170,0.999
511145.b0170,511145.b4203,0.981
511145.b0170,511145.b3295,0.966
511145.b0170,511145.b3310,0.975
511145.b0170,511145.b3636,0.906
511145.b0170,511145.b3302,0.959
511145.b0170,511145.b3341,0.978
511145.b0170,511145.b3321,0.987
511145.b0170,511145.b3311,0.973
511145.b0170,511145.b3309,0.955
511145.b0170,511145.b4200,0.978
511145.b0170,511145.b3988,0.767
511145.b0170,511145.b0436,0.992
511145.b0170,511145.b3301,0.964
511145.b0170,511145.b3298,0.983
511145.b0170,511145.b3339,0.999
511145.b0170,511145.b3319,0.991
511145.b0170,511145.b4226,0.745
511145.b0170,511145.b3304,0.965
511145.b0170,511145.b0172,0.997
511145.b0170,511145.b0474,0.752
511145.b0170,511145.b3732,0.918
511145.b0170,511145.b3305,0.992
511145.b0170,511145.b3186,0.967
511145.b0170,511145.b3231,0.992
511145.b0170,511145.b2609,0.967
511145.b0170,511145.b4202,0.986
511145.b0170,511145.b3340,0.998
511145.b0170,511145.b2926,0.868
511145.b0170,511145.b1716,0.984
511145.b0170,511145.b3734,0.951
511145.b0170,511145.b3297,0.976
511145.b0170,511145.b3987,0.97
511145.b0170,511145.b3307,0.963
511145.b0170,511145.b3342,0.954
511145.b0170,511145.b3294,0.97
511145.b0170,511145.b3314,0.991
511145.b0170,511145.b3316,0.992
511145.b0170,511145.b3296,0.971
511145.b0170,511145.b2185,0.936
511145.b0170,511145.b3313,0.99
511145.b0170,511145.b3637,0.801
511145.b0170,511145.b1718,0.983
511145.b0170,511145.b3303,0.99
511145.b0170,511145.b3320,0.989
511145.b0170,511145.b3164,0.843
511145.b0170,511145.b3315,0.985
511145.b0170,511145.b0911,0.998
511145.b0170,511145.b1093,0.731
511145.b0170,511145.b3317,0.992
511145.b0170,511145.b3985,0.974
511145.b0170,511145.b3306,0.972
511145.b0170,511145.b3980,0.999
511145.b0170,511145.b3983,0.988
511145.b0170,511145.b3308,0.987
511145.b0170,511145.b3936,0.702
511145.b0170,511145.b3312,0.959
511145.b0170,511145.b3986,0.988
511145.b0170,511145.b3185,0.976
511145.b0170,511145.b2606,0.996
511145.b0170,511145.b3230,0.992
511145.b0170,511145.b1089,0.913
511145.b0170,511145.b3165,0.844
511145.b0170,511145.b3984,0.995
511145.b0172,511145.b4202,0.97
511145.b0172,511145.b2609,0.977
511145.b0172,511145.b3231,0.998
511145.b0172,511145.b1716,0.998
511145.b0172,511145.b3297,0.993
511145.b0172,511145.b3340,0.999
511145.b0172,511145.b2518,0.72
511145.b0172,511145.b2926,0.734
511145.b0172,511145.b3311,0.983
511145.b0172,511145.b3309,0.966
511145.b0172,511145.b4200,0.977
511145.b0172,511145.b0436,0.902
511145.b0172,511145.b3301,0.989
511145.b0172,511145.b3341,0.987
511145.b0172,511145.b3321,0.993
511145.b0172,511145.b3065,0.859
511145.b0172,511145.b3636,0.96
511145.b0172,511145.b3302,0.926
511145.b0172,511145.b4203,0.983
511145.b0172,511145.b3295,0.823
511145.b0172,511145.b3310,0.991
511145.b0172,511145.b3186,0.983
511145.b0172,511145.b3305,0.991
511145.b0172,511145.b3304,0.976
511145.b0172,511145.b3298,0.992
511145.b0172,511145.b3319,0.994
511145.b0172,511145.b3185,0.996
511145.b0172,511145.b2606,0.996
511145.b0172,511145.b3312,0.963
511145.b0172,511145.b3986,0.956
511145.b0172,511145.b3983,0.999
511145.b0172,511145.b3936,0.947
511145.b0172,511145.b3308,0.993
511145.b0172,511145.b3306,0.987
511145.b0172,511145.b3985,0.837
511145.b0172,511145.b3165,0.992
511145.b0172,511145.b3984,0.993
511145.b0172,511145.b1089,0.977
511145.b0172,511145.b3230,0.994
511145.b0172,511145.b1718,0.967
511145.b0172,511145.b3303,0.992
511145.b0172,511145.b3320,0.995
511145.b0172,511145.b3313,0.997
511145.b0172,511145.b3637,0.969
511145.b0172,511145.b3294,0.992
511145.b0172,511145.b3314,0.986
511145.b0172,511145.b2597,0.79
511145.b0172,511145.b3316,0.99
511145.b0172,511145.b3296,0.99
511145.b0172,511145.b2185,0.92
511145.b0172,511145.b3987,0.778
511145.b0172,511145.b3307,0.969
511145.b0172,511145.b3703,0.897
511145.b0172,511145.b3342,0.983
511145.b0172,511145.b3317,0.992
511145.b0172,511145.b3315,0.984
511145.b0172,511145.b0911,0.732
511145.b0172,511145.b3164,0.737
511145.b0178,511145.b0814,0.885
511145.b0178,511145.b2215,0.833
511145.b0178,511145.b0436,0.727
511145.b0178,511145.b3609,0.8
511145.b0178,511145.b0957,0.997
511145.b0197,511145.b3829,0.807
511145.b0197,511145.b2942,0.836
511145.b0197,511145.b1243,0.777
511145.b0197,511145.b3460,0.718
511145.b0329,511145.b4045,0.721
511145.b0329,511145.b0753,0.82
511145.b0407,511145.b0436,0.834
511145.b0407,511145.b2609,0.702
511145.b0407,511145.b3609,0.989
511145.b0415,511145.b3231,0.732
511145.b0415,511145.b2942,0.852
511145.b0415,511145.b4245,0.752
511145.b0415,511145.b3186,0.8
511145.b0436,511145.b0911,0.981
511145.b0436,511145.b3315,0.991
511145.b0436,511145.b3164,0.75
511145.b0436,511145.b3317,0.994
511145.b0436,511145.b3294,0.983
511145.b0436,511145.b3314,0.991
511145.b0436,511145.b2185,0.969
511145.b0436,511145.b3296,0.986
511145.b0436,511145.b3316,0.986
511145.b0436,511145.b3307,0.952
511145.b0436,511145.b3987,0.792
511145.b0436,511145.b3703,0.871
511145.b0436,511145.b3342,0.985
511145.b0436,511145.b3320,0.996
511145.b0436,511145.b3303,0.973
511145.b0436,511145.b3313,0.986
511145.b0436,511145.b3637,0.987
511145.b0436,511145.b3230,0.989
511145.b0436,511145.b2592,0.847
511145.b0436,511145.b3984,0.981
511145.b0436,511145.b3165,0.96
511145.b0436,511145.b1089,0.966
511145.b0436,511145.b3980,0.848
511145.b0436,511145.b3936,0.885
511145.b0436,511145.b3308,0.985
511145.b0436,511145.b3983,0.974
511145.b0436,511145.b3306,0.987
511145.b0436,511145.b3985,0.973
511145.b0436,511145.b3185,0.947
511145.b0436,511145.b2606,0.989
511145.b0436,511145.b3312,0.982
511145.b0436,511145.b3986,0.868
511145.b0436,511145.b3304,0.923
511145.b0436,511145.b3339,0.834
511145.b0436,511145.b3298,0.958
511145.b0436,511145.b3319,0.994
511145.b0436,511145.b3186,0.988
511145.b0436,511145.b3783,0.732
511145.b0436,511145.b0474,0.756
511145.b0436,511145.b3305,0.983
511145.b0436,511145.b3065,0.989
511145.b0436,511145.b3636,0.906
511145.b0436,511145.b3302,0.893
511145.b0436,511145.b4203,0.987
511145.b0436,511145.b3310,0.983
511145.b0436,511145.b3295,0.936
511145.b0436,511145.b4200,0.988
511145.b0436,511145.b3309,0.972
511145.b0436,511145.b3311,0.964
511145.b0436,511145.b2614,0.934
511145.b0436,511145.b3301,0.98
511145.b0436,511145.b3341,0.997
511145.b0436,511145.b3321,0.994
511145.b0436,511145.b2942,0.713
511145.b0436,511145.b4034,0.867
511145.b0436,511145.b3349,0.766
511145.b0436,511145.b1716,0.929
511145.b0436,511145.b3297,0.988
511145.b0436,511145.b3734,0.737
511145.b0436,511145.b4142,0.951
511145.b0436,511145.b3340,0.923
511145.b0436,511145.b2518,0.83
511145.b0436,511145.b3231,0.995
511145.b0436,511145.b4143,0.96
511145.b0436,511145.b3609,0.945
511145.b0436,511145.b0957,0.835
511145.b0436,511145.b4202,0.97
511145.b0436,511145.b2609,0.975
511145.b0436,511145.b0954,0.786
511145.b0440,511145.b1237,0.802
511145.b0440,511145.b0912,0.739
511145.b0440,511145.b4000,0.999
511145.b0440,511145.b1712,0.871
511145.b0474,511145.b3986,0.817
511145.b0474,511145.b3312,0.893
511145.b0474,511145.b2415,0.9
511145.b0474,511145.b3306,0.919
511145.b0474,511145.b3985,0.85
511145.b0474,511145.b3308,0.952
511145.b0474,511145.b3984,0.877
511145.b0474,511145.b3919,0.732
511145.b0474,511145.b3230,0.851
511145.b0474,511145.b3313,0.913
511145.b0474,511145.b2551,0.76
511145.b0474,511145.b3303,0.919
511145.b0474,511145.b3320,0.943
511145.b0474,511145.b2779,0.748
511145.b0474,511145.b3342,0.817
511145.b0474,511145.b3987,0.722
511145.b0474,511145.b3307,0.848
511145.b0474,511145.b3316,0.936
511145.b0474,511145.b3296,0.901
511145.b0474,511145.b3294,0.853
511145.b0474,511145.b3314,0.927
511145.b0474,511145.b1136,0.935
511145.b0474,511145.b3317,0.954
511145.b0474,511145.b3315,0.909
511145.b0474,511145.b4177,0.96
511145.b0474,511145.b1676,0.931
511145.b0474,511145.b3231,0.802
511145.b0474,511145.b2518,0.967
511145.b0474,511145.b3340,0.933
511145.b0474,511145.b3236,0.936
511145.b0474,511145.b3734,0.745
511145.b0474,511145.b3297,0.938
511145.b0474,511145.b3321,0.869
511145.b0474,511145.b3341,0.901
511145.b0474,511145.b3301,0.94
511145.b0474,511145.b3311,0.908
511145.b0474,511145.b3309,0.883
511145.b0474,511145.b3988,0.771
511145.b0474,511145.b3295,0.929
511145.b0474,511145.b3310,0.942
511145.b0474,511145.b3302,0.884
511145.b0474,511145.b3305,0.914
511145.b0474,511145.b3298,0.917
511145.b0474,511145.b3319,0.926
511145.b0474,511145.b3304,0.91
511145.b0474,511145.b4226,0.719
511145.b0525,511145.b3340,0.707
511145.b0605,511145.b3781,0.8
511145.b0605,511145.b0812,0.733
511145.b0605,511145.b1324,0.784
511145.b0605,511145.b3908,0.942
511145.b0605,511145.b2614,0.716
511145.b0605,511145.b3942,0.934
511145.b0605,511145.b4143,0.752
511145.b0605,511145.b1656,0.94
511145.b0605,511145.b0957,0.738
511145.b0607,511145.b3495,0.83
511145.b0623,511145.b3164,0.784
511145.b0631,511145.b2614,0.706
511145.b0655,511145.b2150,0.783
511145.b0655,511145.b0811,0.75
511145.b0655,511145.b2310,0.788
511145.b0655,511145.b1243,0.832
511145.b0655,511145.b3544,0.791
511145.b0655,511145.b3460,0.803
511145.b0720,511145.b3987,0.746
511145.b0720,511145.b3317,0.778
511145.b0720,511145.b1136,0.996
511145.b0720,511145.b4069,0.986
511145.b0720,511145.b4015,0.947
511145.b0720,511145.b0928,0.91
511145.b0720,511145.b4014,0.99
511145.b0720,511145.b0728,0.986
511145.b0720,511145.b3340,0.716
511145.b0720,511145.b1779,0.853
511145.b0720,511145.b2551,0.807
511145.b0720,511145.b3870,0.767
511145.b0720,511145.b4139,0.876
511145.b0720,511145.b1241,0.758
511145.b0720,511145.b2029,0.705
511145.b0720,511145.b3403,0.981
511145.b0720,511145.b1676,0.704
511145.b0720,511145.b0729,0.937
511145.b0720,511145.b0727,0.949
511145.b0720,511145.b2926,0.705
511145.b0720,511145.b0903,0.923
511145.b0720,511145.b3236,0.996
511145.b0720,511145.b3734,0.857
511145.b0727,511145.b1136,0.939
511145.b0727,511145.b0729,0.999
511145.b0727,511145.b3236,0.767
511145.b0727,511145.b3734,0.759
511145.b0727,511145.b0728,0.999
511145.b0728,511145.b0729,0.999
511145.b0728,511145.b3734,0.799
511145.b0728,511145.b3236,0.902
511145.b0728,511145.b0903,0.822
511145.b0728,511145.b1241,0.896
511145.b0728,511145.b3403,0.732
511145.b0728,511145.b4014,0.862
511145.b0728,511145.b3732,0.702
511145.b0728,511145.b4069,0.907
511145.b0728,511145.b1136,0.98
511145.b0729,511145.b4069,0.913
511145.b0729,511145.b1136,0.911
511145.b0729,511145.b3236,0.874
511145.b0729,511145.b0903,0.825
511145.b0729,511145.b4014,0.875
511145.b0729,511145.b1241,0.862
511145.b0753,511145.b1482,0.7
511145.b0753,511145.b3510,0.748
511145.b0753,511145.b4045,0.791
511145.b0755,511145.b2925,0.959
511145.b0755,511145.b3919,0.974
511145.b0755,511145.b1779,0.887
511145.b0755,511145.b2779,0.995
511145.b0755,511145.b1136,0.746
511145.b0755,511145.b2913,0.911
511145.b0755,511145.b1676,0.898
511145.b0755,511145.b2926,0.996
511145.b0811,511145.b2150,0.764
511145.b0811,511145.b2310,0.745
511145.b0811,511145.b3751,0.775
511145.b0811,511145.b3870,0.813
511145.b0811,511145.b3544,0.72
511145.b0812,511145.b1480,0.865
511145.b0812,511145.b1004,0.844
511145.b0812,511145.b3098,0.859
511145.b0812,511145.b2665,0.752
511145.b0812,511145.b1482,0.811
511145.b0814,511145.b2215,0.955
511145.b0814,511145.b0957,0.934
511145.b0903,511145.b1241,0.997
511145.b0903,511145.b4014,0.948
511145.b0903,511145.b3403,0.816
511145.b0903,511145.b1676,0.957
511145.b0903,511145.b3236,0.913
511145.b0903,511145.b4069,0.95
511145.b0903,511145.b1415,0.93
511145.b0903,511145.b3919,0.87
511145.b0907,511145.b2551,0.924
511145.b0907,511145.b2414,0.938
511145.b0907,511145.b2913,0.998
511145.b0911,511145.b3317,0.997
511145.b0911,511145.b1093,0.743
511145.b0911,511145.b3649,0.859
511145.b0911,511145.b3164,0.805
511145.b0911,511145.b3315,0.995
511145.b0911,511145.b3313,0.99
511145.b0911,511145.b3637,0.989
511145.b0911,511145.b1718,0.871
511145.b0911,511145.b3303,0.999
511145.b0911,511145.b3320,0.997
511145.b0911,511145.b3703,0.901
511145.b0911,511145.b3342,0.999
511145.b0911,511145.b0912,0.864
511145.b0911,511145.b3307,0.997
511145.b0911,511145.b3987,0.992
511145.b0911,511145.b3296,0.999
511145.b0911,511145.b2597,0.751
511145.b0911,511145.b3316,0.996
511145.b0911,511145.b2185,0.981
511145.b0911,511145.b3294,0.996
511145.b0911,511145.b3314,0.999
511145.b0911,511145.b1089,0.955
511145.b0911,511145.b3984,0.998
511145.b0911,511145.b3165,0.997
511145.b0911,511145.b3203,0.989
511145.b0911,511145.b2592,0.749
511145.b0911,511145.b3230,0.997
511145.b0911,511145.b3986,0.996
511145.b0911,511145.b3312,0.976
511145.b0911,511145.b2606,0.998
511145.b0911,511145.b3185,0.991
511145.b0911,511145.b3985,0.999
511145.b0911,511145.b3306,0.999
511145.b0911,511145.b3983,0.995
511145.b0911,511145.b3308,0.998
511145.b0911,511145.b3936,0.934
511145.b0911,511145.b3980,0.995
511145.b0911,511145.b3732,0.72
511145.b0911,511145.b3305,0.997
511145.b0911,511145.b3783,0.89
511145.b0911,511145.b3186,0.985
511145.b0911,511145.b3298,0.999
511145.b0911,511145.b3339,0.993
511145.b0911,511145.b3319,0.999
511145.b0911,511145.b3304,0.995
511145.b0911,511145.b1092,0.725
511145.b0911,511145.b3321,0.999
511145.b0911,511145.b3341,0.999
511145.b0911,511145.b3301,0.998
511145.b0911,511145.b3311,0.999
511145.b0911,511145.b3309,0.998
511145.b0911,511145.b4200,0.998
511145.b0911,511145.b3988,0.991
511145.b0911,511145.b4203,0.994
511145.b0911,511145.b3295,0.998
511145.b0911,511145.b3310,0.993
511145.b0911,511145.b3302,0.992
511145.b0911,511145.b3065,0.989
511145.b0911,511145.b3636,0.967
511145.b0911,511145.b3340,0.997
511145.b0911,511145.b3734,0.834
511145.b0911,511145.b3297,0.999
511145.b0911,511145.b1716,0.976
511145.b0911,511145.b2609,0.998
511145.b0911,511145.b1480,0.72
511145.b0911,511145.b4202,0.997
511145.b0911,511145.b4143,0.789
511145.b0911,511145.b3231,0.997
511145.b0912,511145.b1712,0.999
511145.b0912,511145.b4000,0.736
511145.b0928,511145.b3236,0.983
511145.b0928,511145.b3942,0.906
511145.b0928,511145.b4177,0.926
511145.b0928,511145.b3403,0.873
511145.b0928,511145.b4245,0.907
511145.b0928,511145.b4139,0.905
511145.b0928,511145.b1136,0.949
511145.b0928,511145.b3517,0.823
511145.b0928,511145.b4244,0.902
511145.b0928,511145.b2414,0.916
511145.b0954,511145.b1092,0.981
511145.b0954,511145.b1288,0.996
511145.b0954,511145.b1094,0.923
511145.b0954,511145.b1093,0.998
511145.b0954,511145.b2323,0.999
511145.b0957,511145.b3308,0.845
511145.b0957,511145.b3312,0.811
511145.b0957,511145.b3185,0.832
511145.b0957,511145.b3230,0.818
511145.b0957,511145.b3165,0.839
511145.b0957,511145.b3307,0.889
511145.b0957,511145.b3703,0.804
511145.b0957,511145.b3342,0.886
511145.b0957,511145.b3314,0.809
511145.b0957,511145.b1779,0.858
511145.b0957,511145.b2185,0.913
511145.b0957,511145.b3296,0.857
511145.b0957,511145.b3320,0.824
511145.b0957,511145.b3303,0.846
511145.b0957,511145.b3315,0.824
511145.b0957,511145.b3609,0.796
511145.b0957,511145.b4143,0.864
511145.b0957,511145.b4202,0.822
511145.b0957,511145.b1716,0.82
511145.b0957,511145.b3297,0.81
511145.b0957,511145.b2215,0.998
511145.b0957,511145.b3310,0.829
511145.b0957,511145.b3065,0.83
511145.b0957,511145.b3636,0.819
511145.b0957,511145.b3302,0.832
511145.b0957,511145.b3311,0.838
511145.b0957,511145.b3301,0.843
511145.b0957,511145.b3319,0.838
511145.b0957,511145.b3305,0.823
511145.b0957,511145.b3186,0.826
511145.b0957,511145.b3306,0.837
511145.b0957,511145.b2606,0.856
511145.b0957,511145.b1089,0.828
511145.b0957,511145.b1324,0.769
511145.b0957,511145.b3294,0.815
511145.b0957,511145.b3316,0.811
511145.b0957,511145.b2597,0.739
511145.b0957,511145.b3313,0.815
511145.b0957,511145.b3637,0.812
511145.b0957,511145.b1923,0.826
511145.b0957,511145.b3317,0.83
511145.b0957,511145.b3231,0.825
511145.b0957,511145.b2609,0.834
511145.b0957,511145.b1677,0.963
511145.b0957,511145.b4034,0.874
511145.b0957,511145.b4203,0.826
511145.b0957,511145.b3295,0.774
511145.b0957,511145.b3341,0.831
511145.b0957,511145.b3321,0.833
511145.b0957,511145.b4200,0.871
511145.b0957,511145.b3309,0.88
511145.b0957,511145.b3339,0.825
511145.b0957,511145.b3298,0.845
511145.b0957,511145.b3304,0.829
511145.b1004,511145.b1482,0.713
511145.b1004,511145.b3098,0.856
511145.b1004,511145.b2665,0.835
511145.b1089,511145.b3185,0.998
511145.b1089,511145.b2606,0.998
511145.b1089,511145.b3312,0.998
511145.b1089,511145.b3986,0.996
511145.b1089,511145.b3980,0.962
511145.b1089,511145.b3983,0.999
511145.b1089,511145.b3936,0.995
511145.b1089,511145.b3308,0.992
511145.b1089,511145.b3306,0.997
511145.b1089,511145.b3985,0.999
511145.b1089,511145.b3165,0.998
511145.b1089,511145.b3984,0.997
511145.b1089,511145.b1094,0.967
511145.b1089,511145.b3230,0.998
511145.b1089,511145.b3203,0.99
511145.b1089,511145.b1718,0.953
511145.b1089,511145.b3303,0.995
511145.b1089,511145.b3320,0.993
511145.b1089,511145.b3313,0.996
511145.b1089,511145.b3637,0.999
511145.b1089,511145.b3294,0.999
511145.b1089,511145.b3314,0.995
511145.b1089,511145.b3316,0.996
511145.b1089,511145.b3296,0.997
511145.b1089,511145.b2185,0.996
511145.b1089,511145.b3987,0.9
511145.b1089,511145.b3307,0.998
511145.b1089,511145.b3703,0.996
511145.b1089,511145.b3342,0.998
511145.b1089,511145.b1093,0.732
511145.b1089,511145.b3649,0.89
511145.b1089,511145.b3317,0.995
511145.b1089,511145.b3315,0.999
511145.b1089,511145.b4202,0.997
511145.b1089,511145.b2609,0.999
511145.b1089,511145.b3231,0.999
511145.b1089,511145.b1716,0.999
511145.b1089,511145.b3297,0.997
511145.b1089,511145.b3340,0.998
511145.b1089,511145.b2518,0.804
511145.b1089,511145.b3311,0.997
511145.b1089,511145.b3309,0.997
511145.b1089,511145.b4200,0.997
511145.b1089,511145.b3988,0.853
511145.b1089,511145.b3301,0.996
511145.b1089,511145.b3341,0.997
511145.b1089,511145.b3321,0.997
511145.b1089,511145.b3065,0.996
511145.b1089,511145.b3636,0.998
511145.b1089,511145.b3302,0.997
511145.b1089,511145.b4203,0.994
511145.b1089,511145.b3295,0.984
511145.b1089,511145.b3310,0.997
511145.b1089,511145.b3186,0.998
511145.b1089,511145.b3305,0.997
511145.b1089,511145.b1092,0.809
511145.b1089,511145.b3304,0.996
511145.b1089,511145.b3298,0.998
511145.b1089,511145.b3339,0.999
511145.b1089,511145.b3319,0.996
511145.b1092,511145.b2609,0.916
511145.b1092,511145.b3341,0.753
511145.b1092,511145.b3321,0.738
511145.b1092,511145.b4200,0.814
511145.b1092,511145.b3295,0.709
511145.b1092,511145.b3305,0.702
511145.b1092,511145.b3298,0.702
511145.b1092,511145.b1288,0.999
511145.b1092,511145.b1094,0.999
511145.b1092,511145.b3307,0.738
511145.b1092,511145.b3342,0.761
511145.b1092,511145.b2323,0.999
511145.b1092,511145.b1093,0.999
511145.b1093,511145.b1288,0.955
511145.b1093,511145.b1094,0.967
511145.b1093,511145.b3296,0.719
511145.b1093,511145.b2323,0.998
511145.b1094,511145.b3309,0.836
511145.b1094,511145.b4203,0.746
511145.b1094,511145.b3185,0.784
511145.b1094,511145.b2415,0.757
511145.b1094,511145.b3985,0.748
511145.b1094,511145.b3315,0.723
511145.b1094,511145.b3320,0.838
511145.b1094,511145.b1718,0.772
511145.b1094,511145.b2323,0.999
511145.b1094,511145.b1716,0.912
511145.b1094,511145.b4142,0.724
511145.b1094,511145.b3236,0.717
511145.b1094,511145.b3186,0.972
511145.b1094,511145.b3301,0.863
511145.b1094,511145.b3636,0.837
511145.b1094,511145.b3310,0.906
511145.b1094,511145.b2606,0.853
511145.b1094,511145.b3986,0.938
511145.b1094,511145.b3983,0.903
511145.b1094,511145.b3637,0.877
511145.b1094,511145.b3294,0.89
511145.b1094,511145.b3231,0.937
511145.b1094,511145.b1712,0.775
511145.b1094,511145.b1288,0.976
511145.b1094,511145.b3298,0.738
511145.b1094,511145.b3339,0.747
511145.b1136,511145.b2779,0.734
511145.b1136,511145.b1779,0.853
511145.b1136,511145.b4139,0.844
511145.b1136,511145.b4015,0.934
511145.b1136,511145.b3919,0.755
511145.b1136,511145.b4069,0.733
511145.b1136,511145.b4014,0.895
511145.b1136,511145.b3403,0.827
511145.b1136,511145.b2029,0.797
511145.b1136,511145.b3236,0.995
511145.b1136,511145.b2926,0.772
511145.b1136,511145.b4177,0.938
511145.b1136,511145.b1676,0.719
511145.b1237,511145.b1712,0.737
511145.b1237,511145.b3928,0.708
511145.b1237,511145.b4000,0.849
511145.b1241,511145.b1779,0.908
511145.b1241,511145.b2779,0.904
511145.b1241,511145.b2926,0.795
511145.b1241,511145.b3403,0.893
511145.b1241,511145.b2925,0.814
511145.b1241,511145.b3919,0.75
511145.b1241,511145.b4069,0.971
511145.b1241,511145.b3774,0.749
511145.b1241,511145.b4014,0.938
511145.b1243,511145.b4034,0.77
511145.b1243,511145.b2150,0.785
511145.b1243,511145.b3544,0.875
511145.b1243,511145.b2310,0.718
511145.b1288,511145.b2323,0.998
511145.b1324,511145.b1656,0.713
511145.b1324,511145.b3339,0.751
511145.b1324,511145.b1823,0.742
511145.b1324,511145.b3980,0.724
511145.b1324,511145.b3781,0.781
511145.b1324,511145.b2597,0.728
511145.b1376,511145.b3495,0.841
511145.b1415,511145.b1676,0.909
511145.b1415,511145.b2150,0.811
511145.b1415,511145.b4069,0.889
511145.b1480,511145.b3341,0.751
511145.b1480,511145.b3321,0.72
511145.b1480,511145.b4200,0.801
511145.b1480,511145.b3311,0.72
511145.b1480,511145.b3303,0.72
511145.b1480,511145.b3307,0.806
511145.b1480,511145.b3342,0.756
511145.b1480,511145.b3314,0.72
511145.b1480,511145.b3065,0.73
511145.b1480,511145.b3296,0.72
511145.b1480,511145.b2597,0.87
511145.b1480,511145.b3316,0.72
511145.b1480,511145.b3298,0.72
511145.b1480,511145.b3098,0.749
511145.b1480,511145.b2609,0.9
511145.b1480,511145.b4202,0.9
511145.b1480,511145.b3306,0.72
511145.b1480,511145.b1482,0.832
511145.b1480,511145.b3165,0.72
511145.b1480,511145.b3297,0.72
511145.b1480,511145.b3230,0.9
511145.b1482,511145.b2665,0.855
511145.b1482,511145.b3098,0.802
511145.b1482,511145.b4045,0.708
511145.b1656,511145.b3942,0.953
511145.b1656,511145.b1905,0.809
511145.b1676,511145.b3315,0.833
511145.b1676,511145.b2779,0.998
511145.b1676,511145.b3320,0.798
511145.b1676,511145.b3303,0.776
511145.b1676,511145.b3307,0.771
511145.b1676,511145.b3342,0.79
511145.b1676,511145.b3314,0.826
511145.b1676,511145.b1779,0.909
511145.b1676,511145.b3296,0.761
511145.b1676,511145.b3312,0.801
511145.b1676,511145.b2415,0.96
511145.b1676,511145.b3985,0.816
511145.b1676,511145.b3308,0.84
511145.b1676,511145.b3305,0.835
511145.b1676,511145.b3319,0.767
511145.b1676,511145.b3403,0.982
511145.b1676,511145.b3311,0.821
511145.b1676,511145.b3301,0.722
511145.b1676,511145.b3310,0.831
511145.b1676,511145.b3302,0.778
511145.b1676,511145.b3236,0.812
511145.b1676,511145.b2926,0.947
511145.b1676,511145.b3297,0.751
511145.b1676,511145.b3317,0.853
511145.b1676,511145.b3316,0.816
511145.b1676,511145.b2925,0.954
511145.b1676,511145.b3919,0.971
511145.b1676,511145.b3306,0.836
511145.b1676,511145.b3983,0.762
511145.b1676,511145.b3298,0.769
511145.b1676,511145.b3304,0.845
511145.b1676,511145.b3341,0.746
511145.b1676,511145.b3309,0.835
511145.b1676,511145.b2518,0.919
511145.b1676,511145.b3231,0.753
511145.b1712,511145.b2417,0.729
511145.b1712,511145.b4000,0.813
511145.b1716,511145.b2609,0.997
511145.b1716,511145.b4202,0.998
511145.b1716,511145.b3231,0.999
511145.b1716,511145.b3340,0.999
511145.b1716,511145.b2518,0.759
511145.b1716,511145.b3297,0.999
511145.b1716,511145.b3341,0.997
511145.b1716,511145.b3321,0.999
511145.b1716,511145.b3309,0.996
511145.b1716,511145.b4200,0.996
511145.b1716,511145.b3311,0.998
511145.b1716,511145.b3988,0.864
511145.b1716,511145.b3301,0.998
511145.b1716,511145.b4203,0.998
511145.b1716,511145.b3310,0.999
511145.b1716,511145.b3295,0.985
511145.b1716,511145.b3636,0.998
511145.b1716,511145.b3065,0.986
511145.b1716,511145.b3302,0.995
511145.b1716,511145.b3305,0.998
511145.b1716,511145.b3186,0.999
511145.b1716,511145.b3298,0.999
511145.b1716,511145.b3339,0.999
511145.b1716,511145.b3319,0.999
511145.b1716,511145.b3304,0.997
511145.b1716,511145.b3312,0.997
511145.b1716,511145.b3986,0.999
511145.b1716,511145.b3185,0.999
511145.b1716,511145.b2606,0.999
511145.b1716,511145.b3985,0.999
511145.b1716,511145.b3306,0.997
511145.b1716,511145.b3980,0.952
511145.b1716,511145.b3983,0.999
511145.b1716,511145.b3308,0.999
511145.b1716,511145.b3936,0.991
511145.b1716,511145.b3984,0.999
511145.b1716,511145.b3165,0.999
511145.b1716,511145.b3203,0.99
511145.b1716,511145.b3230,0.999
511145.b1716,511145.b3313,0.999
511145.b1716,511145.b3637,0.995
511145.b1716,511145.b3303,0.999
511145.b1716,511145.b3320,0.999
511145.b1716,511145.b1718,0.999
511145.b1716,511145.b3307,0.996
511145.b1716,511145.b3987,0.968
511145.b1716,511145.b3703,0.989
511145.b1716,511145.b3342,0.995
511145.b1716,511145.b3294,0.998
511145.b1716,511145.b3314,0.999
511145.b1716,511145.b2185,0.988
511145.b1716,511145.b3296,0.998
511145.b1716,511145.b3316,0.999
511145.b1716,511145.b3649,0.899
511145.b1716,511145.b3317,0.999
511145.b1716,511145.b3164,0.832
511145.b1716,511145.b3315,0.998
511145.b1718,511145.b4202,0.982
511145.b1718,511145.b2609,0.954
511145.b1718,511145.b3231,0.992
511145.b1718,511145.b3297,0.998
511145.b1718,511145.b3340,0.97
511145.b1718,511145.b3309,0.923
511145.b1718,511145.b4200,0.964
511145.b1718,511145.b3311,0.945
511145.b1718,511145.b3301,0.905
511145.b1718,511145.b3341,0.998
511145.b1718,511145.b3321,0.99
511145.b1718,511145.b3065,0.81
511145.b1718,511145.b3636,0.784
511145.b1718,511145.b3302,0.805
511145.b1718,511145.b3310,0.985
511145.b1718,511145.b3295,0.949
511145.b1718,511145.b3186,0.978
511145.b1718,511145.b3305,0.98
511145.b1718,511145.b3304,0.919
511145.b1718,511145.b3298,0.998
511145.b1718,511145.b3339,0.862
511145.b1718,511145.b3319,0.984
511145.b1718,511145.b3185,0.969
511145.b1718,511145.b2606,0.983
511145.b1718,511145.b3312,0.871
511145.b1718,511145.b3986,0.965
511145.b1718,511145.b3980,0.724
511145.b1718,511145.b3983,0.981
511145.b1718,511145.b3308,0.968
511145.b1718,511145.b3306,0.984
511145.b1718,511145.b3985,0.948
511145.b1718,511145.b3984,0.976
511145.b1718,511145.b3165,0.958
511145.b1718,511145.b3230,0.986
511145.b1718,511145.b3303,0.986
511145.b1718,511145.b3320,0.984
511145.b1718,511145.b3313,0.982
511145.b1718,511145.b3637,0.744
511145.b1718,511145.b3294,0.825
511145.b1718,511145.b3314,0.991
511145.b1718,511145.b3296,0.979
511145.b1718,511145.b3316,0.996
511145.b1718,511145.b3307,0.953
511145.b1718,511145.b3987,0.783
511145.b1718,511145.b3342,0.983
511145.b1718,511145.b3317,0.976
511145.b1718,511145.b3315,0.933
511145.b1779,511145.b3919,0.999
511145.b1779,511145.b2925,0.997
511145.b1779,511145.b3781,0.723
511145.b1779,511145.b3987,0.931
511145.b1779,511145.b3340,0.75
511145.b1779,511145.b3295,0.745
511145.b1779,511145.b2415,0.845
511145.b1779,511145.b2779,0.993
511145.b1779,511145.b2096,0.72
511145.b1779,511145.b2926,0.999
511145.b1779,511145.b3236,0.98
511145.b1779,511145.b4143,0.871
511145.b1779,511145.b3403,0.792
511145.b1779,511145.b2029,0.828
511145.b1817,511145.b2416,0.751
511145.b1817,511145.b2415,0.998
511145.b1823,511145.b3339,0.987
511145.b1823,511145.b4000,0.821
511145.b1823,511145.b2597,0.957
511145.b1823,511145.b3980,0.974
511145.b1920,511145.b2414,0.793
511145.b1920,511145.b1923,0.786
511145.b1923,511145.b2215,0.895
511145.b1923,511145.b4143,0.798
511145.b2029,511145.b2926,0.761
511145.b2029,511145.b3236,0.729
511145.b2029,511145.b2914,0.981
511145.b2029,511145.b3919,0.84
511145.b2029,511145.b2779,0.778
511145.b2093,511145.b2096,0.93
511145.b2093,511145.b2094,0.999
511145.b2093,511145.b2095,0.999
511145.b2093,511145.b2415,0.921
511145.b2094,511145.b2415,0.911
511145.b2094,511145.b2096,0.993
511145.b2094,511145.b2095,0.999
511145.b2095,511145.b2096,0.999
511145.b2096,511145.b4143,0.873
511145.b2096,511145.b2926,0.732
511145.b2150,511145.b4034,0.899
511145.b2150,511145.b3751,0.763
511145.b2150,511145.b2310,0.74
511145.b2185,511145.b3305,0.994
511145.b2185,511145.b3186,0.999
511145.b2185,511145.b3319,0.996
511145.b2185,511145.b3339,0.999
511145.b2185,511145.b3298,0.996
511145.b2185,511145.b3304,0.995
511145.b2185,511145.b3341,0.996
511145.b2185,511145.b3321,0.998
511145.b2185,511145.b3988,0.866
511145.b2185,511145.b4200,0.999
511145.b2185,511145.b3309,0.997
511145.b2185,511145.b3311,0.995
511145.b2185,511145.b3301,0.989
511145.b2185,511145.b3310,0.996
511145.b2185,511145.b3295,0.99
511145.b2185,511145.b4203,0.998
511145.b2185,511145.b3636,0.993
511145.b2185,511145.b3065,0.997
511145.b2185,511145.b3302,0.994
511145.b2185,511145.b3340,0.997
511145.b2185,511145.b3297,0.993
511145.b2185,511145.b3734,0.854
511145.b2185,511145.b2609,0.998
511145.b2185,511145.b4202,0.998
511145.b2185,511145.b3231,0.999
511145.b2185,511145.b3649,0.899
511145.b2185,511145.b3317,0.997
511145.b2185,511145.b3315,0.997
511145.b2185,511145.b3637,0.996
511145.b2185,511145.b3313,0.998
511145.b2185,511145.b3320,0.996
511145.b2185,511145.b3303,0.99
511145.b2185,511145.b3987,0.947
511145.b2185,511145.b3307,0.996
511145.b2185,511145.b3342,0.994
511145.b2185,511145.b3703,0.987
511145.b2185,511145.b3314,0.997
511145.b2185,511145.b3294,0.997
511145.b2185,511145.b3316,0.991
511145.b2185,511145.b2597,0.751
511145.b2185,511145.b3296,0.997
511145.b2185,511145.b3165,0.998
511145.b2185,511145.b3984,0.999
511145.b2185,511145.b3203,0.99
511145.b2185,511145.b3230,0.998
511145.b2185,511145.b3312,0.986
511145.b2185,511145.b3986,0.998
511145.b2185,511145.b3185,0.998
511145.b2185,511145.b2606,0.999
511145.b2185,511145.b3985,0.999
511145.b2185,511145.b3306,0.994
511145.b2185,511145.b3980,0.94
511145.b2185,511145.b3308,0.997
511145.b2185,511145.b3936,0.988
511145.b2185,511145.b3983,0.999
511145.b2215,511145.b3495,0.796
511145.b2215,511145.b3928,0.77
511145.b2310,511145.b3751,0.763
511145.b2310,511145.b3544,0.816
511145.b2310,511145.b4069,0.741
511145.b2310,511145.b3460,0.803
511145.b2414,511145.b2687,0.917
511145.b2414,511145.b3829,0.881
511145.b2415,511145.b2926,0.839
511145.b2415,511145.b2779,0.745
511145.b2415,511145.b2417,0.999
511145.b2415,511145.b2416,0.999
511145.b2415,511145.b2925,0.785
511145.b2416,511145.b2417,0.999
511145.b2417,511145.b2925,0.838
511145.b2476,511145.b4177,0.794
511145.b2476,511145.b2551,0.82
511145.b2498,511145.b2551,0.86
511145.b2498,511145.b4244,0.836
511145.b2498,511145.b4245,0.906
511145.b2498,511145.b3831,0.969
511145.b2508,511145.b3987,0.709
511145.b2508,511145.b4177,0.995
511145.b2518,511145.b3983,0.776
511145.b2518,511145.b3986,0.78
511145.b2518,511145.b3317,0.735
511145.b2518,511145.b3313,0.767
511145.b2518,511145.b3231,0.904
511145.b2518,511145.b2609,0.97
511145.b2518,511145.b3321,0.985
511145.b2518,511145.b3341,0.98
511145.b2518,511145.b3309,0.818
511145.b2518,511145.b4200,0.966
511145.b2518,511145.b3230,0.957
511145.b2518,511145.b3165,0.982
511145.b2518,511145.b3308,0.7
511145.b2518,511145.b3185,0.853
511145.b2518,511145.b3315,0.704
511145.b2518,511145.b3342,0.985
511145.b2518,511145.b3307,0.962
511145.b2518,511145.b3303,0.953
511145.b2518,511145.b3320,0.881
511145.b2518,511145.b3297,0.967
511145.b2518,511145.b3319,0.864
511145.b2518,511145.b3305,0.754
511145.b2518,511145.b3186,0.9
511145.b2518,511145.b3310,0.763
511145.b2518,511145.b3636,0.754
511145.b2518,511145.b3301,0.862
511145.b2551,511145.b3919,0.795
511145.b2551,511145.b2942,0.82
511145.b2551,511145.b3829,0.79
511145.b2551,511145.b3870,0.849
511145.b2551,511145.b2926,0.726
511145.b2551,511145.b3734,0.909
511145.b2551,511145.b4177,0.88
511145.b2592,511145.b4142,0.982
511145.b2592,511145.b4143,0.99
511145.b2592,511145.b2614,0.998
511145.b2597,511145.b3339,0.923
511145.b2597,511145.b3298,0.892
511145.b2597,511145.b3065,0.905
511145.b2597,511145.b3321,0.89
511145.b2597,511145.b3341,0.904
511145.b2597,511145.b4200,0.897
511145.b2597,511145.b3311,0.889
511145.b2597,511145.b3297,0.889
511145.b2597,511145.b2609,0.909
511145.b2597,511145.b4202,0.889
511145.b2597,511145.b3342,0.896
511145.b2597,511145.b3307,0.89
511145.b2597,511145.b3296,0.896
511145.b2597,511145.b3316,0.889
511145.b2597,511145.b3314,0.889
511145.b2597,511145.b3303,0.897
511145.b2597,511145.b3230,0.903
511145.b2597,511145.b3165,0.897
511145.b2597,511145.b3985,0.7
511145.b2597,511145.b3306,0.889
511145.b2597,511145.b3980,0.91
511145.b2606,511145.b3305,0.999
511145.b2606,511145.b3186,0.999
511145.b2606,511145.b3298,0.999
511145.b2606,511145.b3339,0.999
511145.b2606,511145.b3319,0.999
511145.b2606,511145.b3304,0.997
511145.b2606,511145.b3321,0.999
511145.b2606,511145.b3341,0.998
511145.b2606,511145.b3301,0.998
511145.b2606,511145.b3309,0.998
511145.b2606,511145.b4200,0.999
511145.b2606,511145.b3311,0.999
511145.b2606,511145.b3988,0.889
511145.b2606,511145.b4203,0.999
511145.b2606,511145.b3310,0.999
511145.b2606,511145.b3295,0.99
511145.b2606,511145.b3302,0.993
511145.b2606,511145.b3636,0.996
511145.b2606,511145.b3065,0.996
511145.b2606,511145.b2926,0.73
511145.b2606,511145.b3340,0.999
511145.b2606,511145.b3297,0.999
511145.b2606,511145.b2609,0.999
511145.b2606,511145.b4202,0.998
511145.b2606,511145.b3231,0.999
511145.b2606,511145.b3317,0.999
511145.b2606,511145.b3649,0.857
511145.b2606,511145.b3315,0.999
511145.b2606,511145.b3313,0.999
511145.b2606,511145.b3637,0.998
511145.b2606,511145.b3303,0.998
511145.b2606,511145.b3320,0.999
511145.b2606,511145.b3703,0.994
511145.b2606,511145.b3342,0.997
511145.b2606,511145.b3987,0.982
511145.b2606,511145.b3307,0.997
511145.b2606,511145.b3316,0.998
511145.b2606,511145.b3296,0.999
511145.b2606,511145.b3294,0.999
511145.b2606,511145.b3314,0.999
511145.b2606,511145.b3165,0.999
511145.b2606,511145.b3984,0.999
511145.b2606,511145.b3203,0.99
511145.b2606,511145.b3230,0.999
511145.b2606,511145.b3986,0.999
511145.b2606,511145.b3312,0.998
511145.b2606,511145.b3185,0.999
511145.b2606,511145.b3985,0.999
511145.b2606,511145.b3306,0.998
511145.b2606,511145.b3983,0.999
511145.b2606,511145.b3308,0.999
511145.b2606,511145.b3936,0.993
511145.b2606,511145.b3980,0.97
511145.b2609,511145.b3231,0.999
511145.b2609,511145.b4202,0.999
511145.b2609,511145.b3297,0.999
511145.b2609,511145.b3340,0.997
511145.b2609,511145.b3065,0.999
511145.b2609,511145.b3636,0.997
511145.b2609,511145.b3302,0.998
511145.b2609,511145.b3310,0.999
511145.b2609,511145.b3295,0.999
511145.b2609,511145.b4203,0.998
511145.b2609,511145.b3988,0.91
511145.b2609,511145.b3309,0.999
511145.b2609,511145.b4200,0.999
511145.b2609,511145.b3311,0.999
511145.b2609,511145.b3301,0.999
511145.b2609,511145.b3341,0.999
511145.b2609,511145.b3321,0.999
511145.b2609,511145.b3304,0.997
511145.b2609,511145.b3319,0.999
511145.b2609,511145.b3298,0.999
511145.b2609,511145.b3339,0.999
511145.b2609,511145.b3186,0.999
511145.b2609,511145.b3305,0.999
511145.b2609,511145.b3980,0.959
511145.b2609,511145.b3983,0.999
511145.b2609,511145.b3936,0.993
511145.b2609,511145.b3308,0.999
511145.b2609,511145.b3306,0.999
511145.b2609,511145.b3985,0.999
511145.b2609,511145.b3185,0.999
511145.b2609,511145.b3312,0.999
511145.b2609,511145.b3986,0.999
511145.b2609,511145.b3230,0.999
511145.b2609,511145.b3203,0.995
511145.b2609,511145.b3165,0.999
511145.b2609,511145.b3984,0.999
511145.b2609,511145.b3314,0.999
511145.b2609,511145.b3294,0.999
511145.b2609,511145.b3316,0.999
511145.b2609,511145.b3296,0.999
511145.b2609,511145.b3987,0.958
511145.b2609,511145.b3307,0.999
511145.b2609,511145.b3342,0.999
511145.b2609,511145.b3703,0.998
511145.b2609,511145.b3303,0.999
511145.b2609,511145.b3320,0.999
511145.b2609,511145.b3637,0.999
511145.b2609,511145.b3313,0.998
511145.b2609,511145.b3315,0.998
511145.b2609,511145.b3649,0.929
511145.b2609,511145.b3317,0.998
511145.b2614,511145.b4143,0.999
511145.b2614,511145.b3609,0.717
511145.b2614,511145.b4142,0.998
511145.b2665,511145.b3098,0.811
511145.b2665,511145.b4045,0.734
511145.b2687,511145.b3829,0.967
511145.b2687,511145.b2942,0.754
511145.b2779,511145.b3306,0.782
511145.b2779,511145.b3919,0.998
511145.b2779,511145.b2925,0.991
511145.b2779,511145.b3984,0.783
511145.b2779,511145.b3316,0.724
511145.b2779,511145.b3164,0.977
511145.b2779,511145.b3317,0.719
511145.b2779,511145.b3649,0.713
511145.b2779,511145.b3231,0.776
511145.b2779,511145.b3340,0.894
511145.b2779,511145.b3295,0.856
511145.b2779,511145.b3985,0.81
511145.b2779,511145.b3296,0.874
511145.b2779,511145.b3314,0.818
511145.b2779,511145.b3303,0.891
511145.b2779,511145.b4177,0.736
511145.b2779,511145.b2926,0.999
511145.b2779,511145.b3236,0.801
511145.b2779,511145.b3734,0.846
511145.b2779,511145.b3297,0.898
511145.b2779,511145.b3310,0.756
511145.b2779,511145.b3302,0.772
511145.b2779,511145.b3301,0.802
511145.b2779,511145.b3319,0.896
511145.b2779,511145.b3403,0.971
511145.b2779,511145.b3305,0.803
511145.b2914,511145.b2926,0.726
511145.b2914,511145.b3919,0.725
511145.b2925,511145.b2926,0.993
511145.b2925,511145.b3919,0.996
511145.b2926,511145.b3340,0.724
511145.b2926,511145.b3298,0.783
511145.b2926,511145.b3983,0.736
511145.b2926,511145.b3986,0.76
511145.b2926,511145.b3919,0.999
511145.b2926,511145.b3316,0.753
511145.b2926,511145.b3313,0.74
511145.b2926,511145.b3317,0.735
511145.b2926,511145.b4143,0.705
511145.b2926,511145.b3236,0.781
511145.b2926,511145.b3297,0.796
511145.b2926,511145.b3310,0.735
511145.b2926,511145.b3403,0.746
511145.b2926,511145.b3305,0.761
511145.b2926,511145.b3308,0.756
511145.b2926,511145.b3185,0.743
511145.b2926,511145.b3230,0.791
511145.b2926,511145.b3314,0.724
511145.b2926,511145.b3320,0.751
511145.b2926,511145.b3303,0.787
511145.b2942,511145.b4143,0.726
511145.b2942,511145.b4177,0.728
511145.b2942,511145.b3919,0.732
511145.b2942,511145.b3829,0.996
511145.b3065,511145.b3186,0.999
511145.b3065,511145.b3305,0.987
511145.b3065,511145.b3304,0.966
511145.b3065,511145.b3319,0.986
511145.b3065,511145.b3339,0.999
511145.b3065,511145.b3298,0.998
511145.b3065,511145.b3301,0.98
511145.b3065,511145.b3988,0.871
511145.b3065,511145.b4200,0.999
511145.b3065,511145.b3309,0.978
511145.b3065,511145.b3311,0.994
511145.b3065,511145.b3321,0.999
511145.b3065,511145.b3341,0.997
511145.b3065,511145.b3302,0.975
511145.b3065,511145.b3636,0.997
511145.b3065,511145.b3310,0.987
511145.b3065,511145.b3295,0.99
511145.b3065,511145.b4203,0.991
511145.b3065,511145.b3297,0.999
511145.b3065,511145.b3340,0.934
511145.b3065,511145.b4202,0.999
511145.b3065,511145.b3231,0.999
511145.b3065,511145.b3317,0.965
511145.b3065,511145.b3649,0.893
511145.b3065,511145.b3315,0.969
511145.b3065,511145.b3320,0.984
511145.b3065,511145.b3303,0.996
511145.b3065,511145.b3637,0.999
511145.b3065,511145.b3313,0.965
511145.b3065,511145.b3316,0.993
511145.b3065,511145.b3296,0.997
511145.b3065,511145.b3314,0.992
511145.b3065,511145.b3294,0.985
511145.b3065,511145.b3342,0.998
511145.b3065,511145.b3703,0.997
511145.b3065,511145.b3987,0.934
511145.b3065,511145.b3307,0.997
511145.b3065,511145.b3165,0.999
511145.b3065,511145.b3984,0.961
511145.b3065,511145.b3230,0.998
511145.b3065,511145.b3203,0.996
511145.b3065,511145.b3185,0.998
511145.b3065,511145.b3986,0.988
511145.b3065,511145.b3312,0.991
511145.b3065,511145.b3308,0.964
511145.b3065,511145.b3936,0.99
511145.b3065,511145.b3983,0.999
511145.b3065,511145.b3980,0.867
511145.b3065,511145.b3985,0.999
511145.b3065,511145.b3306,0.997
511145.b3164,511145.b3987,0.917
511145.b3164,511145.b3294,0.752
511145.b3164,511145.b3314,0.769
511145.b3164,511145.b3316,0.713
511145.b3164,511145.b3296,0.899
511145.b3164,511145.b3313,0.736
511145.b3164,511145.b3303,0.719
511145.b3164,511145.b3320,0.881
511145.b3164,511145.b3317,0.86
511145.b3164,511145.b3985,0.86
511145.b3164,511145.b3980,0.755
511145.b3164,511145.b3308,0.719
511145.b3164,511145.b3165,0.973
511145.b3164,511145.b3984,0.903
511145.b3164,511145.b3295,0.916
511145.b3164,511145.b3341,0.772
511145.b3164,511145.b3321,0.84
511145.b3164,511145.b3988,0.759
511145.b3164,511145.b4255,0.763
511145.b3164,511145.b3319,0.897
511145.b3164,511145.b3304,0.82
511145.b3164,511145.b3783,0.986
511145.b3164,511145.b3340,0.928
511145.b3164,511145.b3297,0.817
511145.b3165,511145.b3305,0.998
511145.b3165,511145.b3186,0.999
511145.b3165,511145.b3319,0.999
511145.b3165,511145.b3339,0.999
511145.b3165,511145.b3298,0.999
511145.b3165,511145.b3304,0.999
511145.b3165,511145.b3341,0.999
511145.b3165,511145.b3321,0.999
511145.b3165,511145.b3988,0.855
511145.b3165,511145.b4200,0.999
511145.b3165,511145.b3309,0.998
511145.b3165,511145.b3311,0.999
511145.b3165,511145.b3301,0.998
511145.b3165,511145.b3310,0.999
511145.b3165,511145.b3295,0.998
511145.b3165,511145.b4203,0.996
511145.b3165,511145.b3636,0.999
511145.b3165,511145.b3302,0.998
511145.b3165,511145.b3340,0.995
511145.b3165,511145.b3297,0.999
511145.b3165,511145.b4202,0.999
511145.b3165,511145.b3231,0.999
511145.b3165,511145.b3649,0.913
511145.b3165,511145.b3317,0.998
511145.b3165,511145.b3315,0.998
511145.b3165,511145.b3637,0.999
511145.b3165,511145.b3313,0.998
511145.b3165,511145.b3320,0.998
511145.b3165,511145.b3303,0.999
511145.b3165,511145.b3987,0.956
511145.b3165,511145.b3307,0.999
511145.b3165,511145.b3342,0.999
511145.b3165,511145.b3703,0.996
511145.b3165,511145.b3314,0.999
511145.b3165,511145.b3294,0.999
511145.b3165,511145.b3316,0.999
511145.b3165,511145.b3296,0.999
511145.b3165,511145.b3984,0.998
511145.b3165,511145.b3203,0.995
511145.b3165,511145.b3230,0.999
511145.b3165,511145.b3312,0.998
511145.b3165,511145.b3986,0.998
511145.b3165,511145.b3185,0.999
511145.b3165,511145.b3985,0.999
511145.b3165,511145.b3306,0.999
511145.b3165,511145.b3980,0.946
511145.b3165,511145.b3308,0.997
511145.b3165,511145.b3936,0.996
511145.b3165,511145.b3983,0.999
511145.b3185,511145.b3340,0.999
511145.b3185,511145.b3297,0.999
511145.b3185,511145.b4202,0.998
511145.b3185,511145.b3231,0.999
511145.b3185,511145.b3305,0.998
511145.b3185,511145.b3186,0.999
511145.b3185,511145.b3319,0.999
511145.b3185,511145.b3339,0.999
511145.b3185,511145.b3298,0.999
511145.b3185,511145.b3304,0.997
511145.b3185,511145.b3321,0.999
511145.b3185,511145.b3341,0.999
511145.b3185,511145.b3301,0.999
511145.b3185,511145.b3988,0.884
511145.b3185,511145.b3311,0.996
511145.b3185,511145.b4200,0.998
511145.b3185,511145.b3309,0.997
511145.b3185,511145.b3295,0.991
511145.b3185,511145.b3310,0.999
511145.b3185,511145.b4203,0.998
511145.b3185,511145.b3302,0.992
511145.b3185,511145.b3636,0.999
511145.b3185,511145.b3984,0.999
511145.b3185,511145.b3203,0.991
511145.b3185,511145.b3230,0.999
511145.b3185,511145.b3986,0.999
511145.b3185,511145.b3312,0.993
511145.b3185,511145.b3985,0.999
511145.b3185,511145.b3306,0.998
511145.b3185,511145.b3308,0.999
511145.b3185,511145.b3936,0.996
511145.b3185,511145.b3983,0.999
511145.b3185,511145.b3980,0.932
511145.b3185,511145.b3317,0.999
511145.b3185,511145.b3649,0.912
511145.b3185,511145.b3315,0.998
511145.b3185,511145.b3637,0.999
511145.b3185,511145.b3313,0.999
511145.b3185,511145.b3320,0.999
511145.b3185,511145.b3303,0.999
511145.b3185,511145.b3342,0.998
511145.b3185,511145.b3703,0.993
511145.b3185,511145.b3307,0.996
511145.b3185,511145.b3987,0.968
511145.b3185,511145.b3296,0.998
511145.b3185,511145.b3316,0.998
511145.b3185,511145.b3314,0.999
511145.b3185,511145.b3294,0.999
511145.b3186,511145.b4202,0.999
511145.b3186,511145.b3231,0.999
511145.b3186,511145.b3297,0.999
511145.b3186,511145.b3340,0.999
511145.b3186,511145.b3301,0.999
511145.b3186,511145.b4200,0.998
511145.b3186,511145.b3309,0.999
511145.b3186,511145.b3311,0.997
511145.b3186,511145.b3988,0.866
511145.b3186,511145.b3321,0.999
511145.b3186,511145.b3341,0.999
511145.b3186,511145.b3302,0.997
511145.b3186,511145.b3636,0.999
511145.b3186,511145.b4203,0.998
511145.b3186,511145.b3310,0.999
511145.b3186,511145.b3295,0.985
511145.b3186,511145.b3305,0.999
511145.b3186,511145.b3304,0.998
511145.b3186,511145.b3339,0.999
511145.b3186,511145.b3298,0.999
511145.b3186,511145.b3319,0.999
511145.b3186,511145.b3986,0.999
511145.b3186,511145.b3312,0.996
511145.b3186,511145.b3936,0.994
511145.b3186,511145.b3308,0.998
511145.b3186,511145.b3983,0.999
511145.b3186,511145.b3980,0.966
511145.b3186,511145.b3306,0.999
511145.b3186,511145.b3985,0.999
511145.b3186,511145.b3984,0.999
511145.b3186,511145.b3230,0.999
511145.b3186,511145.b3203,0.99
511145.b3186,511145.b3320,0.999
511145.b3186,511145.b3303,0.998
511145.b3186,511145.b3313,0.998
511145.b3186,511145.b3637,0.999
511145.b3186,511145.b3296,0.999
511145.b3186,511145.b3316,0.997
511145.b3186,511145.b3294,0.998
511145.b3186,511145.b3314,0.998
511145.b3186,511145.b3703,0.998
511145.b3186,511145.b3342,0.999
511145.b3186,511145.b3307,0.998
511145.b3186,511145.b3987,0.936
511145.b3186,511145.b3317,0.998
511145.b3186,511145.b3649,0.908
511145.b3186,511145.b3315,0.999
511145.b3203,511145.b3297,0.995
511145.b3203,511145.b4202,0.995
511145.b3203,511145.b3231,0.99
511145.b3203,511145.b3305,0.99
511145.b3203,511145.b3304,0.99
511145.b3203,511145.b3298,0.995
511145.b3203,511145.b3319,0.99
511145.b3203,511145.b3301,0.99
511145.b3203,511145.b3311,0.995
511145.b3203,511145.b3309,0.99
511145.b3203,511145.b4200,0.995
511145.b3203,511145.b3321,0.995
511145.b3203,511145.b3341,0.995
511145.b3203,511145.b3302,0.99
511145.b3203,511145.b3636,0.99
511145.b3203,511145.b4203,0.991
511145.b3203,511145.b3310,0.99
511145.b3203,511145.b3230,0.996
511145.b3203,511145.b3312,0.991
511145.b3203,511145.b3936,0.989
511145.b3203,511145.b3308,0.99
511145.b3203,511145.b3306,0.995
511145.b3203,511145.b3317,0.99
511145.b3203,511145.b3315,0.99
511145.b3203,511145.b3303,0.995
511145.b3203,511145.b3320,0.99
511145.b3203,511145.b3313,0.99
511145.b3203,511145.b3637,0.99
511145.b3203,511145.b3316,0.995
511145.b3203,511145.b3296,0.995
511145.b3203,511145.b3294,0.99
511145.b3203,511145.b3314,0.995
511145.b3203,511145.b3703,0.993
511145.b3203,511145.b3342,0.995
511145.b3203,511145.b3307,0.995
511145.b3230,511145.b3341,0.999
511145.b3230,511145.b3321,0.999
511145.b3230,511145.b3988,0.912
511145.b3230,511145.b3311,0.999
511145.b3230,511145.b3309,0.998
511145.b3230,511145.b4200,0.999
511145.b3230,511145.b3301,0.999
511145.b3230,511145.b3295,0.998
511145.b3230,511145.b3310,0.999
511145.b3230,511145.b4203,0.999
511145.b3230,511145.b3636,0.999
511145.b3230,511145.b3302,0.996
511145.b3230,511145.b3305,0.999
511145.b3230,511145.b3319,0.999
511145.b3230,511145.b3298,0.999
511145.b3230,511145.b3339,0.999
511145.b3230,511145.b3304,0.998
511145.b3230,511145.b4202,0.999
511145.b3230,511145.b3231,0.999
511145.b3230,511145.b3340,0.996
511145.b3230,511145.b3297,0.999
511145.b3230,511145.b3637,0.999
511145.b3230,511145.b3313,0.999
511145.b3230,511145.b3303,0.999
511145.b3230,511145.b3320,0.999
511145.b3230,511145.b3987,0.969
511145.b3230,511145.b3307,0.999
511145.b3230,511145.b3342,0.999
511145.b3230,511145.b3703,0.993
511145.b3230,511145.b3314,0.999
511145.b3230,511145.b3294,0.999
511145.b3230,511145.b3316,0.999
511145.b3230,511145.b3296,0.999
511145.b3230,511145.b3649,0.853
511145.b3230,511145.b3317,0.999
511145.b3230,511145.b3315,0.999
511145.b3230,511145.b3312,0.999
511145.b3230,511145.b3986,0.999
511145.b3230,511145.b3306,0.999
511145.b3230,511145.b3985,0.999
511145.b3230,511145.b3980,0.92
511145.b3230,511145.b3983,0.999
511145.b3230,511145.b3936,0.993
511145.b3230,511145.b3308,0.999
511145.b3230,511145.b3984,0.999
511145.b3231,511145.b4202,0.999
511145.b3231,511145.b3297,0.999
511145.b3231,511145.b3340,0.999
511145.b3231,511145.b3301,0.999
511145.b3231,511145.b3311,0.999
511145.b3231,511145.b3309,0.999
511145.b3231,511145.b4200,0.999
511145.b3231,511145.b3988,0.888
511145.b3231,511145.b3321,0.999
511145.b3231,511145.b3341,0.999
511145.b3231,511145.b3302,0.999
511145.b3231,511145.b3636,0.999
511145.b3231,511145.b4203,0.999
511145.b3231,511145.b3295,0.994
511145.b3231,511145.b3310,0.999
511145.b3231,511145.b3305,0.999
511145.b3231,511145.b3304,0.999
511145.b3231,511145.b4226,0.853
511145.b3231,511145.b3298,0.999
511145.b3231,511145.b3339,0.999
511145.b3231,511145.b3319,0.999
511145.b3231,511145.b3986,0.999
511145.b3231,511145.b3312,0.999
511145.b3231,511145.b3983,0.999
511145.b3231,511145.b3308,0.999
511145.b3231,511145.b3936,0.999
511145.b3231,511145.b3980,0.972
511145.b3231,511145.b3985,0.999
511145.b3231,511145.b3306,0.999
511145.b3231,511145.b3984,0.999
511145.b3231,511145.b3303,0.999
511145.b3231,511145.b3320,0.999
511145.b3231,511145.b3313,0.999
511145.b3231,511145.b3637,0.999
511145.b3231,511145.b3316,0.999
511145.b3231,511145.b3296,0.999
511145.b3231,511145.b3294,0.999
511145.b3231,511145.b3314,0.999
511145.b3231,511145.b3703,0.999
511145.b3231,511145.b3342,0.999
511145.b3231,511145.b3987,0.992
511145.b3231,511145.b3307,0.999
511145.b3231,511145.b3317,0.999
511145.b3231,511145.b3649,0.949
511145.b3231,511145.b3315,0.999
511145.b3236,511145.b4139,0.831
511145.b3236,511145.b3734,0.772
511145.b3236,511145.b4177,0.937
511145.b3236,511145.b4143,0.768
511145.b3236,511145.b3403,0.98
511145.b3236,511145.b3919,0.733
511145.b3236,511145.b4015,0.793
511145.b3236,511145.b3987,0.951
511145.b3236,511145.b4014,0.972
511145.b3294,511145.b3304,0.999
511145.b3294,511145.b3319,0.999
511145.b3294,511145.b3298,0.999
511145.b3294,511145.b3339,0.999
511145.b3294,511145.b3305,0.999
511145.b3294,511145.b3732,0.767
511145.b3294,511145.b3302,0.999
511145.b3294,511145.b3636,0.999
511145.b3294,511145.b3295,0.999
511145.b3294,511145.b3310,0.999
511145.b3294,511145.b4203,0.999
511145.b3294,511145.b3301,0.999
511145.b3294,511145.b3988,0.993
511145.b3294,511145.b3311,0.999
511145.b3294,511145.b3309,0.999
511145.b3294,511145.b4200,0.999
511145.b3294,511145.b3321,0.999
511145.b3294,511145.b3341,0.999
511145.b3294,511145.b3734,0.901
511145.b3294,511145.b3297,0.999
511145.b3294,511145.b3340,0.999
511145.b3294,511145.b4202,0.999
511145.b3294,511145.b3315,0.999
511145.b3294,511145.b3317,0.999
511145.b3294,511145.b3649,0.869
511145.b3294,511145.b3316,0.999
511145.b3294,511145.b3296,0.999
511145.b3294,511145.b3314,0.999
511145.b3294,511145.b3342,0.999
511145.b3294,511145.b3703,0.992
511145.b3294,511145.b3987,0.995
511145.b3294,511145.b3307,0.999
511145.b3294,511145.b3303,0.999
511145.b3294,511145.b3320,0.999
511145.b3294,511145.b3637,0.998
511145.b3294,511145.b3313,0.999
511145.b3294,511145.b3984,0.999
511145.b3294,511145.b3983,0.999
511145.b3294,511145.b3936,0.985
511145.b3294,511145.b3308,0.999
511145.b3294,511145.b3980,0.97
511145.b3294,511145.b3306,0.999
511145.b3294,511145.b3985,0.999
511145.b3294,511145.b3986,0.999
511145.b3294,511145.b3312,0.999
511145.b3295,511145.b3305,0.999
511145.b3295,511145.b3319,0.999
511145.b3295,511145.b3301,0.999
511145.b3295,511145.b3311,0.999
511145.b3295,511145.b3302,0.999
511145.b3295,511145.b3636,0.989
511145.b3295,511145.b3310,0.999
511145.b3295,511145.b3297,0.999
511145.b3295,511145.b3734,0.972
511145.b3295,511145.b4142,0.703
511145.b3295,511145.b4202,0.999
511145.b3295,511145.b4143,0.857
511145.b3295,511145.b3315,0.999
511145.b3295,511145.b3320,0.999
511145.b3295,511145.b3303,0.999
511145.b3295,511145.b3296,0.999
511145.b3295,511145.b3314,0.999
511145.b3295,511145.b3703,0.887
511145.b3295,511145.b3342,0.999
511145.b3295,511145.b3307,0.999
511145.b3295,511145.b3312,0.994
511145.b3295,511145.b3308,0.999
511145.b3295,511145.b3980,0.917
511145.b3295,511145.b3985,0.997
511145.b3295,511145.b3783,0.987
511145.b3295,511145.b3732,0.925
511145.b3295,511145.b3304,0.999
511145.b3295,511145.b3339,0.968
511145.b3295,511145.b3298,0.999
511145.b3295,511145.b4200,0.999
511145.b3295,511145.b3309,0.998
511145.b3295,511145.b3988,0.999
511145.b3295,511145.b3321,0.999
511145.b3295,511145.b3341,0.999
511145.b3295,511145.b4203,0.991
511145.b3295,511145.b3340,0.99
511145.b3295,511145.b3317,0.999
511145.b3295,511145.b3649,0.999
511145.b3295,511145.b3313,0.999
511145.b3295,511145.b3637,0.965
511145.b3295,511145.b3316,0.999
511145.b3295,511145.b3987,0.999
511145.b3295,511145.b3984,0.99
511145.b3295,511145.b3986,0.999
511145.b3295,511145.b3936,0.861
511145.b3295,511145.b3983,0.996
511145.b3295,511145.b3306,0.999
511145.b3296,511145.b3340,0.999
511145.b3296,511145.b3297,0.999
511145.b3296,511145.b3734,0.962
511145.b3296,511145.b4202,0.999
511145.b3296,511145.b3305,0.999
511145.b3296,511145.b3732,0.924
511145.b3296,511145.b3339,0.999
511145.b3296,511145.b3298,0.999
511145.b3296,511145.b3319,0.999
511145.b3296,511145.b3304,0.999
511145.b3296,511145.b3321,0.999
511145.b3296,511145.b3341,0.999
511145.b3296,511145.b3301,0.999
511145.b3296,511145.b4200,0.999
511145.b3296,511145.b3309,0.999
511145.b3296,511145.b3311,0.999
511145.b3296,511145.b3988,0.995
511145.b3296,511145.b4203,0.998
511145.b3296,511145.b3310,0.999
511145.b3296,511145.b3302,0.999
511145.b3296,511145.b3636,0.998
511145.b3296,511145.b3984,0.999
511145.b3296,511145.b3986,0.999
511145.b3296,511145.b3312,0.999
511145.b3296,511145.b3306,0.999
511145.b3296,511145.b3985,0.999
511145.b3296,511145.b3936,0.99
511145.b3296,511145.b3308,0.999
511145.b3296,511145.b3983,0.999
511145.b3296,511145.b3980,0.98
511145.b3296,511145.b3317,0.999
511145.b3296,511145.b3649,0.974
511145.b3296,511145.b3315,0.999
511145.b3296,511145.b3313,0.999
511145.b3296,511145.b3637,0.998
511145.b3296,511145.b3320,0.999
511145.b3296,511145.b3303,0.999
511145.b3296,511145.b3703,0.99
511145.b3296,511145.b3342,0.999
511145.b3296,511145.b3307,0.999
511145.b3296,511145.b3987,0.999
511145.b3296,511145.b3316,0.999
511145.b3296,511145.b3314,0.999
511145.b3297,511145.b4202,0.999
511145.b3297,511145.b3340,0.999
511145.b3297,511145.b3734,0.965
511145.b3297,511145.b3310,0.999
511145.b3297,511145.b4203,0.998
511145.b3297,511145.b3636,0.999
511145.b3297,511145.b3302,0.999
511145.b3297,511145.b3341,0.999
511145.b3297,511145.b3321,0.999
511145.b3297,511145.b3988,0.986
511145.b3297,511145.b4200,0.999
511145.b3297,511145.b3309,0.999
511145.b3297,511145.b3311,0.999
511145.b3297,511145.b3301,0.999
511145.b3297,511145.b3319,0.999
511145.b3297,511145.b3339,0.999
511145.b3297,511145.b3298,0.999
511145.b3297,511145.b3304,0.999
511145.b3297,511145.b3732,0.93
511145.b3297,511145.b3305,0.999
511145.b3297,511145.b3985,0.999
511145.b3297,511145.b3306,0.999
511145.b3297,511145.b3980,0.977
511145.b3297,511145.b3308,0.999
511145.b3297,511145.b3936,0.975
511145.b3297,511145.b3983,0.999
511145.b3297,511145.b3312,0.999
511145.b3297,511145.b3986,0.999
511145.b3297,511145.b3984,0.999
511145.b3297,511145.b3987,0.997
511145.b3297,511145.b3307,0.999
511145.b3297,511145.b3342,0.999
511145.b3297,511145.b3703,0.989
511145.b3297,511145.b3314,0.999
511145.b3297,511145.b3316,0.999
511145.b3297,511145.b3637,0.998
511145.b3297,511145.b3313,0.999
511145.b3297,511145.b3320,0.999
511145.b3297,511145.b3303,0.999
511145.b3297,511145.b3315,0.999
511145.b3297,511145.b3649,0.973
511145.b3297,511145.b3317,0.999
511145.b3298,511145.b3319,0.999
511145.b3298,511145.b3339,0.999
511145.b3298,511145.b3304,0.999
511145.b3298,511145.b3732,0.891
511145.b3298,511145.b3305,0.999
511145.b3298,511145.b3310,0.999
511145.b3298,511145.b4203,0.995
511145.b3298,511145.b3636,0.999
511145.b3298,511145.b3302,0.999
511145.b3298,511145.b3341,0.999
511145.b3298,511145.b3321,0.999
511145.b3298,511145.b3988,0.977
511145.b3298,511145.b4200,0.999
511145.b3298,511145.b3309,0.999
511145.b3298,511145.b3311,0.999
511145.b3298,511145.b3301,0.999
511145.b3298,511145.b3340,0.999
511145.b3298,511145.b3734,0.955
511145.b3298,511145.b4202,0.999
511145.b3298,511145.b3315,0.999
511145.b3298,511145.b3649,0.975
511145.b3298,511145.b3317,0.999
511145.b3298,511145.b3307,0.999
511145.b3298,511145.b3987,0.998
511145.b3298,511145.b3342,0.999
511145.b3298,511145.b3703,0.977
511145.b3298,511145.b3314,0.999
511145.b3298,511145.b3316,0.999
511145.b3298,511145.b3637,0.998
511145.b3298,511145.b3313,0.999
511145.b3298,511145.b3320,0.999
511145.b3298,511145.b3303,0.999
511145.b3298,511145.b3984,0.999
511145.b3298,511145.b3985,0.999
511145.b3298,511145.b3306,0.999
511145.b3298,511145.b3980,0.979
511145.b3298,511145.b3308,0.999
511145.b3298,511145.b3936,0.98
511145.b3298,511145.b3983,0.999
511145.b3298,511145.b3312,0.999
511145.b3298,511145.b3986,0.999
511145.b3301,511145.b3304,0.999
511145.b3301,511145.b3319,0.999
511145.b3301,511145.b3339,0.999
511145.b3301,511145.b3305,0.999
511145.b3301,511145.b3732,0.884
511145.b3301,511145.b3302,0.999
511145.b3301,511145.b3636,0.997
511145.b3301,511145.b3310,0.999
511145.b3301,511145.b4203,0.999
511145.b3301,511145.b3988,0.991
511145.b3301,511145.b3311,0.999
511145.b3301,511145.b4200,0.999
511145.b3301,511145.b3309,0.999
511145.b3301,511145.b3321,0.999
511145.b3301,511145.b3341,0.999
511145.b3301,511145.b3734,0.947
511145.b3301,511145.b3340,0.999
511145.b3301,511145.b4202,0.999
511145.b3301,511145.b3315,0.999
511145.b3301,511145.b3317,0.999
511145.b3301,511145.b3649,0.876
511145.b3301,511145.b3316,0.999
511145.b3301,511145.b3314,0.999
511145.b3301,511145.b3342,0.999
511145.b3301,511145.b3703,0.974
511145.b3301,511145.b3987,0.996
511145.b3301,511145.b3307,0.999
511145.b3301,511145.b3320,0.999
511145.b3301,511145.b3303,0.999
511145.b3301,511145.b3637,0.996
511145.b3301,511145.b3313,0.999
511145.b3301,511145.b3984,0.999
511145.b3301,511145.b3936,0.97
511145.b3301,511145.b3308,0.999
511145.b3301,511145.b3983,0.999
511145.b3301,511145.b3980,0.968
511145.b3301,511145.b3306,0.999
511145.b3301,511145.b3985,0.999
511145.b3301,511145.b3986,0.999
511145.b3301,511145.b3312,0.999
511145.b3302,511145.b4202,0.999
511145.b3302,511145.b3734,0.904
511145.b3302,511145.b3340,0.999
511145.b3302,511145.b3636,0.998
511145.b3302,511145.b3310,0.999
511145.b3302,511145.b4203,0.997
511145.b3302,511145.b3988,0.983
511145.b3302,511145.b3309,0.999
511145.b3302,511145.b4200,0.999
511145.b3302,511145.b3311,0.999
511145.b3302,511145.b3321,0.999
511145.b3302,511145.b3341,0.999
511145.b3302,511145.b3304,0.999
511145.b3302,511145.b3319,0.999
511145.b3302,511145.b3339,0.999
511145.b3302,511145.b3732,0.78
511145.b3302,511145.b3305,0.999
511145.b3302,511145.b3983,0.999
511145.b3302,511145.b3308,0.999
511145.b3302,511145.b3936,0.971
511145.b3302,511145.b3980,0.964
511145.b3302,511145.b3985,0.999
511145.b3302,511145.b3306,0.999
511145.b3302,511145.b3986,0.999
511145.b3302,511145.b3312,0.999
511145.b3302,511145.b3984,0.999
511145.b3302,511145.b3316,0.999
511145.b3302,511145.b3314,0.999
511145.b3302,511145.b3342,0.999
511145.b3302,511145.b3703,0.979
511145.b3302,511145.b3987,0.991
511145.b3302,511145.b3307,0.999
511145.b3302,511145.b3303,0.999
511145.b3302,511145.b3320,0.999
511145.b3302,511145.b3637,0.995
511145.b3302,511145.b3313,0.999
511145.b3302,511145.b3315,0.999
511145.b3302,511145.b3317,0.999
511145.b3302,511145.b3649,0.942
511145.b3303,511145.b3339,0.999
511145.b3303,511145.b3319,0.999
511145.b3303,511145.b3304,0.999
511145.b3303,511145.b3732,0.929
511145.b3303,511145.b3305,0.999
511145.b3303,511145.b4203,0.998
511145.b3303,511145.b3310,0.999
511145.b3303,511145.b3636,0.998
511145.b3303,511145.b3341,0.999
511145.b3303,511145.b3321,0.999
511145.b3303,511145.b3309,0.999
511145.b3303,511145.b4200,0.999
511145.b3303,511145.b3311,0.999
511145.b3303,511145.b3988,0.997
511145.b3303,511145.b3340,0.999
511145.b3303,511145.b3734,0.973
511145.b3303,511145.b4202,0.999
511145.b3303,511145.b3315,0.999
511145.b3303,511145.b3649,0.866
511145.b3303,511145.b3317,0.999
511145.b3303,511145.b3307,0.999
511145.b3303,511145.b3987,0.999
511145.b3303,511145.b3703,0.97
511145.b3303,511145.b3342,0.999
511145.b3303,511145.b3314,0.999
511145.b3303,511145.b3316,0.999
511145.b3303,511145.b3313,0.999
511145.b3303,511145.b3637,0.995
511145.b3303,511145.b3320,0.999
511145.b3303,511145.b3984,0.999
511145.b3303,511145.b3985,0.999
511145.b3303,511145.b3306,0.999
511145.b3303,511145.b3980,0.977
511145.b3303,511145.b3983,0.999
511145.b3303,511145.b3308,0.999
511145.b3303,511145.b3936,0.965
511145.b3303,511145.b3312,0.999
511145.b3303,511145.b3986,0.999
511145.b3304,511145.b3983,0.999
511145.b3304,511145.b3308,0.999
511145.b3304,511145.b3936,0.968
511145.b3304,511145.b3980,0.967
511145.b3304,511145.b3985,0.999
511145.b3304,511145.b3306,0.999
511145.b3304,511145.b3986,0.999
511145.b3304,511145.b3312,0.999
511145.b3304,511145.b3984,0.999
511145.b3304,511145.b3316,0.999
511145.b3304,511145.b3314,0.999
511145.b3304,511145.b3703,0.977
511145.b3304,511145.b3342,0.999
511145.b3304,511145.b3987,0.996
511145.b3304,511145.b3307,0.999
511145.b3304,511145.b3320,0.999
511145.b3304,511145.b3313,0.999
511145.b3304,511145.b3637,0.995
511145.b3304,511145.b3315,0.999
511145.b3304,511145.b3317,0.999
511145.b3304,511145.b3649,0.948
511145.b3304,511145.b4202,0.999
511145.b3304,511145.b3734,0.954
511145.b3304,511145.b3340,0.999
511145.b3304,511145.b3636,0.998
511145.b3304,511145.b4203,0.998
511145.b3304,511145.b3310,0.999
511145.b3304,511145.b3309,0.999
511145.b3304,511145.b4200,0.999
511145.b3304,511145.b3311,0.999
511145.b3304,511145.b3988,0.983
511145.b3304,511145.b3321,0.999
511145.b3304,511145.b3341,0.999
511145.b3304,511145.b3339,0.999
511145.b3304,511145.b3319,0.999
511145.b3304,511145.b3732,0.866
511145.b3304,511145.b3305,0.999
511145.b3305,511145.b3983,0.999
511145.b3305,511145.b3936,0.974
511145.b3305,511145.b3308,0.999
511145.b3305,511145.b3980,0.972
511145.b3305,511145.b3306,0.999
511145.b3305,511145.b3985,0.999
511145.b3305,511145.b3986,0.999
511145.b3305,511145.b3312,0.999
511145.b3305,511145.b3984,0.999
511145.b3305,511145.b3316,0.999
511145.b3305,511145.b3314,0.999
511145.b3305,511145.b3703,0.987
511145.b3305,511145.b3342,0.999
511145.b3305,511145.b3987,0.999
511145.b3305,511145.b3307,0.999
511145.b3305,511145.b3320,0.999
511145.b3305,511145.b3313,0.999
511145.b3305,511145.b3637,0.998
511145.b3305,511145.b3315,0.999
511145.b3305,511145.b3317,0.999
511145.b3305,511145.b3649,0.97
511145.b3305,511145.b4202,0.999
511145.b3305,511145.b3734,0.971
511145.b3305,511145.b3340,0.999
511145.b3305,511145.b3636,0.998
511145.b3305,511145.b4203,0.999
511145.b3305,511145.b3310,0.999
511145.b3305,511145.b3311,0.999
511145.b3305,511145.b3309,0.999
511145.b3305,511145.b4200,0.999
511145.b3305,511145.b3988,0.991
511145.b3305,511145.b3321,0.999
511145.b3305,511145.b3341,0.999
511145.b3305,511145.b3339,0.999
511145.b3305,511145.b3319,0.999
511145.b3305,511145.b3732,0.932
511145.b3306,511145.b3734,0.944
511145.b3306,511145.b3340,0.999
511145.b3306,511145.b4202,0.999
511145.b3306,511145.b3732,0.776
511145.b3306,511145.b3339,0.999
511145.b3306,511145.b3319,0.999
511145.b3306,511145.b4200,0.999
511145.b3306,511145.b3309,0.999
511145.b3306,511145.b3311,0.999
511145.b3306,511145.b3988,0.986
511145.b3306,511145.b3321,0.999
511145.b3306,511145.b3341,0.999
511145.b3306,511145.b3636,0.998
511145.b3306,511145.b4203,0.998
511145.b3306,511145.b3310,0.999
511145.b3306,511145.b3984,0.999
511145.b3306,511145.b3986,0.999
511145.b3306,511145.b3312,0.999
511145.b3306,511145.b3936,0.969
511145.b3306,511145.b3308,0.999
511145.b3306,511145.b3983,0.999
511145.b3306,511145.b3980,0.972
511145.b3306,511145.b3985,0.999
511145.b3306,511145.b3317,0.999
511145.b3306,511145.b3649,0.958
511145.b3306,511145.b3315,0.999
511145.b3306,511145.b3320,0.999
511145.b3306,511145.b3313,0.999
511145.b3306,511145.b3637,0.999
511145.b3306,511145.b3316,0.999
511145.b3306,511145.b3314,0.999
511145.b3306,511145.b3703,0.987
511145.b3306,511145.b3342,0.999
511145.b3306,511145.b3307,0.999
511145.b3306,511145.b3987,0.997
511145.b3307,511145.b3636,0.999
511145.b3307,511145.b3310,0.999
511145.b3307,511145.b4203,0.997
511145.b3307,511145.b3988,0.964
511145.b3307,511145.b3311,0.999
511145.b3307,511145.b4200,0.999
511145.b3307,511145.b3309,0.999
511145.b3307,511145.b3341,0.999
511145.b3307,511145.b3321,0.999
511145.b3307,511145.b3319,0.999
511145.b3307,511145.b3339,0.999
511145.b3307,511145.b3732,0.8
511145.b3307,511145.b4202,0.999
511145.b3307,511145.b3734,0.962
511145.b3307,511145.b3340,0.999
511145.b3307,511145.b3314,0.999
511145.b3307,511145.b3316,0.999
511145.b3307,511145.b3987,0.996
511145.b3307,511145.b3342,0.999
511145.b3307,511145.b3703,0.995
511145.b3307,511145.b3320,0.999
511145.b3307,511145.b3637,0.999
511145.b3307,511145.b3313,0.999
511145.b3307,511145.b3315,0.999
511145.b3307,511145.b3649,0.956
511145.b3307,511145.b3317,0.999
511145.b3307,511145.b3980,0.959
511145.b3307,511145.b3936,0.975
511145.b3307,511145.b3308,0.999
511145.b3307,511145.b3983,0.999
511145.b3307,511145.b3985,0.999
511145.b3307,511145.b3312,0.999
511145.b3307,511145.b3986,0.999
511145.b3307,511145.b3984,0.999
511145.b3308,511145.b3987,0.996
511145.b3308,511145.b3342,0.999
511145.b3308,511145.b3703,0.979
511145.b3308,511145.b3314,0.999
511145.b3308,511145.b3316,0.999
511145.b3308,511145.b3637,0.998
511145.b3308,511145.b3313,0.999
511145.b3308,511145.b3320,0.999
511145.b3308,511145.b3315,0.999
511145.b3308,511145.b3649,0.961
511145.b3308,511145.b3317,0.999
511145.b3308,511145.b3985,0.999
511145.b3308,511145.b3980,0.987
511145.b3308,511145.b3983,0.999
511145.b3308,511145.b3936,0.991
511145.b3308,511145.b3312,0.999
511145.b3308,511145.b3986,0.999
511145.b3308,511145.b3984,0.999
511145.b3308,511145.b3310,0.999
511145.b3308,511145.b4203,0.999
511145.b3308,511145.b3636,0.996
511145.b3308,511145.b3341,0.999
511145.b3308,511145.b3321,0.999
511145.b3308,511145.b3988,0.987
511145.b3308,511145.b3311,0.999
511145.b3308,511145.b3309,0.999
511145.b3308,511145.b4200,0.999
511145.b3308,511145.b3319,0.999
511145.b3308,511145.b3339,0.999
511145.b3308,511145.b3732,0.918
511145.b3308,511145.b4202,0.999
511145.b3308,511145.b3340,0.999
511145.b3308,511145.b3734,0.962
511145.b3309,511145.b3732,0.76
511145.b3309,511145.b3319,0.999
511145.b3309,511145.b3339,0.999
511145.b3309,511145.b3988,0.985
511145.b3309,511145.b4200,0.999
511145.b3309,511145.b3311,0.999
511145.b3309,511145.b3321,0.999
511145.b3309,511145.b3341,0.999
511145.b3309,511145.b3636,0.996
511145.b3309,511145.b3310,0.999
511145.b3309,511145.b4203,0.997
511145.b3309,511145.b3734,0.789
511145.b3309,511145.b3340,0.999
511145.b3309,511145.b4202,0.998
511145.b3309,511145.b3317,0.999
511145.b3309,511145.b3649,0.963
511145.b3309,511145.b3315,0.999
511145.b3309,511145.b3320,0.999
511145.b3309,511145.b3637,0.998
511145.b3309,511145.b3313,0.999
511145.b3309,511145.b3316,0.999
511145.b3309,511145.b3314,0.999
511145.b3309,511145.b3342,0.999
511145.b3309,511145.b3703,0.99
511145.b3309,511145.b3987,0.992
511145.b3309,511145.b3984,0.999
511145.b3309,511145.b3986,0.999
511145.b3309,511145.b3312,0.999
511145.b3309,511145.b3983,0.999
511145.b3309,511145.b3936,0.972
511145.b3309,511145.b3980,0.953
511145.b3309,511145.b3985,0.999
511145.b3310,511145.b4202,0.998
511145.b3310,511145.b3734,0.883
511145.b3310,511145.b3340,0.999
511145.b3310,511145.b3636,0.993
511145.b3310,511145.b4203,0.995
511145.b3310,511145.b4200,0.999
511145.b3310,511145.b3311,0.999
511145.b3310,511145.b3988,0.989
511145.b3310,511145.b3321,0.999
511145.b3310,511145.b3341,0.999
511145.b3310,511145.b3339,0.999
511145.b3310,511145.b3319,0.999
511145.b3310,511145.b3732,0.859
511145.b3310,511145.b3983,0.999
511145.b3310,511145.b3936,0.983
511145.b3310,511145.b3980,0.957
511145.b3310,511145.b3985,0.999
511145.b3310,511145.b3986,0.999
511145.b3310,511145.b3312,0.999
511145.b3310,511145.b3984,0.999
511145.b3310,511145.b3316,0.999
511145.b3310,511145.b3314,0.999
511145.b3310,511145.b3703,0.982
511145.b3310,511145.b3342,0.999
511145.b3310,511145.b3987,0.996
511145.b3310,511145.b3320,0.999
511145.b3310,511145.b3313,0.999
511145.b3310,511145.b3637,0.996
511145.b3310,511145.b3315,0.999
511145.b3310,511145.b3317,0.999
511145.b3310,511145.b3649,0.95
511145.b3311,511145.b4203,0.998
511145.b3311,511145.b3636,0.996
511145.b3311,511145.b3321,0.999
511145.b3311,511145.b3341,0.999
511145.b3311,511145.b4200,0.999
511145.b3311,511145.b3988,0.987
511145.b3311,511145.b3339,0.999
511145.b3311,511145.b3319,0.999
511145.b3311,511145.b3732,0.827
511145.b3311,511145.b4202,0.999
511145.b3311,511145.b3340,0.997
511145.b3311,511145.b3734,0.882
511145.b3311,511145.b3703,0.981
511145.b3311,511145.b3342,0.999
511145.b3311,511145.b3987,0.996
511145.b3311,511145.b3316,0.999
511145.b3311,511145.b3314,0.999
511145.b3311,511145.b3313,0.999
511145.b3311,511145.b3637,0.996
511145.b3311,511145.b3320,0.999
511145.b3311,511145.b3315,0.999
511145.b3311,511145.b3317,0.999
511145.b3311,511145.b3649,0.965
511145.b3311,511145.b3985,0.999
511145.b3311,511145.b3936,0.976
511145.b3311,511145.b3983,0.999
511145.b3311,511145.b3980,0.956
511145.b3311,511145.b3986,0.999
511145.b3311,511145.b3312,0.999
511145.b3311,511145.b3984,0.999
511145.b3312,511145.b3319,0.999
511145.b3312,511145.b3339,0.999
511145.b3312,511145.b3732,0.829
511145.b3312,511145.b4203,0.998
511145.b3312,511145.b3636,0.996
511145.b3312,511145.b3321,0.999
511145.b3312,511145.b3341,0.999
511145.b3312,511145.b3988,0.984
511145.b3312,511145.b4200,0.999
511145.b3312,511145.b3340,0.999
511145.b3312,511145.b3734,0.838
511145.b3312,511145.b4202,0.998
511145.b3312,511145.b3315,0.999
511145.b3312,511145.b3317,0.999
511145.b3312,511145.b3649,0.965
511145.b3312,511145.b3342,0.998
511145.b3312,511145.b3703,0.989
511145.b3312,511145.b3987,0.99
511145.b3312,511145.b3316,0.999
511145.b3312,511145.b3314,0.999
511145.b3312,511145.b3637,0.995
511145.b3312,511145.b3313,0.999
511145.b3312,511145.b3320,0.999
511145.b3312,511145.b3984,0.999
511145.b3312,511145.b3985,0.999
511145.b3312,511145.b3983,0.999
511145.b3312,511145.b3936,0.987
511145.b3312,511145.b3980,0.952
511145.b3312,511145.b3986,0.999
511145.b3313,511145.b3649,0.844
511145.b3313,511145.b3317,0.999
511145.b3313,511145.b3315,0.999
511145.b3313,511145.b3320,0.999
511145.b3313,511145.b3637,0.997
511145.b3313,511145.b3314,0.999
511145.b3313,511145.b3316,0.999
511145.b3313,511145.b3987,0.998
511145.b3313,511145.b3342,0.999
511145.b3313,511145.b3703,0.979
511145.b3313,511145.b3984,0.999
511145.b3313,511145.b3986,0.999
511145.b3313,511145.b3980,0.973
511145.b3313,511145.b3983,0.999
511145.b3313,511145.b3936,0.97
511145.b3313,511145.b3985,0.999
511145.b3313,511145.b3732,0.954
511145.b3313,511145.b3319,0.999
511145.b3313,511145.b3339,0.999
511145.b3313,511145.b3988,0.993
511145.b3313,511145.b4200,0.998
511145.b3313,511145.b3341,0.999
511145.b3313,511145.b3321,0.999
511145.b3313,511145.b3636,0.992
511145.b3313,511145.b4203,0.999
511145.b3313,511145.b3734,0.961
511145.b3313,511145.b3340,0.999
511145.b3313,511145.b4202,0.999
511145.b3314,511145.b3339,0.999
511145.b3314,511145.b3319,0.999
511145.b3314,511145.b3732,0.953
511145.b3314,511145.b4203,0.998
511145.b3314,511145.b3636,0.998
511145.b3314,511145.b3341,0.999
511145.b3314,511145.b3321,0.999
511145.b3314,511145.b4200,0.999
511145.b3314,511145.b3988,0.995
511145.b3314,511145.b3340,0.999
511145.b3314,511145.b3734,0.967
511145.b3314,511145.b4177,0.77
511145.b3314,511145.b4202,0.999
511145.b3314,511145.b3315,0.999
511145.b3314,511145.b3649,0.938
511145.b3314,511145.b3317,0.999
511145.b3314,511145.b3987,0.999
511145.b3314,511145.b3703,0.973
511145.b3314,511145.b3342,0.999
511145.b3314,511145.b3316,0.999
511145.b3314,511145.b3637,0.993
511145.b3314,511145.b3320,0.999
511145.b3314,511145.b3984,0.999
511145.b3314,511145.b3985,0.999
511145.b3314,511145.b3980,0.971
511145.b3314,511145.b3983,0.999
511145.b3314,511145.b3936,0.969
511145.b3314,511145.b3986,0.999
511145.b3315,511145.b3319,0.999
511145.b3315,511145.b3339,0.999
511145.b3315,511145.b3732,0.907
511145.b3315,511145.b3636,0.998
511145.b3315,511145.b4203,0.999
511145.b3315,511145.b3988,0.992
511145.b3315,511145.b4200,0.999
511145.b3315,511145.b3341,0.999
511145.b3315,511145.b3321,0.999
511145.b3315,511145.b3734,0.958
511145.b3315,511145.b3340,0.999
511145.b3315,511145.b4202,0.999
511145.b3315,511145.b3649,0.959
511145.b3315,511145.b3317,0.999
511145.b3315,511145.b3316,0.999
511145.b3315,511145.b3987,0.996
511145.b3315,511145.b3342,0.999
511145.b3315,511145.b3703,0.976
511145.b3315,511145.b3320,0.999
511145.b3315,511145.b3637,0.998
511145.b3315,511145.b3984,0.999
511145.b3315,511145.b3980,0.973
511145.b3315,511145.b3983,0.999
511145.b3315,511145.b3936,0.984
511145.b3315,511145.b3985,0.999
511145.b3315,511145.b3986,0.999
511145.b3316,511145.b4202,0.999
511145.b3316,511145.b3734,0.928
511145.b3316,511145.b3340,0.999
511145.b3316,511145.b3636,0.998
511145.b3316,511145.b4203,0.999
511145.b3316,511145.b4200,0.999
511145.b3316,511145.b3988,0.987
511145.b3316,511145.b3321,0.999
511145.b3316,511145.b3341,0.999
511145.b3316,511145.b3339,0.999
511145.b3316,511145.b3319,0.999
511145.b3316,511145.b3732,0.835
511145.b3316,511145.b3983,0.999
511145.b3316,511145.b3936,0.972
511145.b3316,511145.b3980,0.967
511145.b3316,511145.b3985,0.999
511145.b3316,511145.b3986,0.999
511145.b3316,511145.b3984,0.999
511145.b3316,511145.b3703,0.976
511145.b3316,511145.b3342,0.999
511145.b3316,511145.b3987,0.996
511145.b3316,511145.b3320,0.999
511145.b3316,511145.b3637,0.994
511145.b3316,511145.b3317,0.999
511145.b3316,511145.b3649,0.916
511145.b3317,511145.b3984,0.999
511145.b3317,511145.b3936,0.965
511145.b3317,511145.b3983,0.999
511145.b3317,511145.b3980,0.98
511145.b3317,511145.b3985,0.999
511145.b3317,511145.b3986,0.999
511145.b3317,511145.b3649,0.951
511145.b3317,511145.b3703,0.97
511145.b3317,511145.b3342,0.999
511145.b3317,511145.b3987,0.999
511145.b3317,511145.b3320,0.999
511145.b3317,511145.b3637,0.998
511145.b3317,511145.b3734,0.957
511145.b3317,511145.b3340,0.999
511145.b3317,511145.b4202,0.999
511145.b3317,511145.b3339,0.999
511145.b3317,511145.b3319,0.999
511145.b3317,511145.b3732,0.919
511145.b3317,511145.b3636,0.998
511145.b3317,511145.b4203,0.999
511145.b3317,511145.b4200,0.999
511145.b3317,511145.b3988,0.993
511145.b3317,511145.b3321,0.999
511145.b3317,511145.b3341,0.999
511145.b3319,511145.b3732,0.805
511145.b3319,511145.b3339,0.999
511145.b3319,511145.b3341,0.999
511145.b3319,511145.b3321,0.999
511145.b3319,511145.b3988,0.985
511145.b3319,511145.b4200,0.999
511145.b3319,511145.b4203,0.999
511145.b3319,511145.b3636,0.998
511145.b3319,511145.b3340,0.999
511145.b3319,511145.b3734,0.964
511145.b3319,511145.b4202,0.999
511145.b3319,511145.b3649,0.949
511145.b3319,511145.b3637,0.998
511145.b3319,511145.b3320,0.999
511145.b3319,511145.b3987,0.998
511145.b3319,511145.b3342,0.999
511145.b3319,511145.b3703,0.991
511145.b3319,511145.b3984,0.999
511145.b3319,511145.b3986,0.999
511145.b3319,511145.b3985,0.999
511145.b3319,511145.b3980,0.976
511145.b3319,511145.b3983,0.999
511145.b3319,511145.b3936,0.979
511145.b3320,511145.b3649,0.853
511145.b3320,511145.b3637,0.999
511145.b3320,511145.b3987,0.997
511145.b3320,511145.b3342,0.999
511145.b3320,511145.b3703,0.98
511145.b3320,511145.b3984,0.999
511145.b3320,511145.b3986,0.999
511145.b3320,511145.b3980,0.976
511145.b3320,511145.b3936,0.982
511145.b3320,511145.b3983,0.999
511145.b3320,511145.b3985,0.999
511145.b3320,511145.b3732,0.737
511145.b3320,511145.b3339,0.999
511145.b3320,511145.b3988,0.987
511145.b3320,511145.b4200,0.999
511145.b3320,511145.b3341,0.999
511145.b3320,511145.b3321,0.999
511145.b3320,511145.b3636,0.998
511145.b3320,511145.b4203,0.999
511145.b3320,511145.b3734,0.949
511145.b3320,511145.b3340,0.999
511145.b3320,511145.b4202,0.999
511145.b3320,511145.b4177,0.836
511145.b3321,511145.b3734,0.894
511145.b3321,511145.b3340,0.999
511145.b3321,511145.b4202,0.999
511145.b3321,511145.b3783,0.941
511145.b3321,511145.b4226,0.759
511145.b3321,511145.b3339,0.999
511145.b3321,511145.b4200,0.999
511145.b3321,511145.b3988,0.988
511145.b3321,511145.b3341,0.999
511145.b3321,511145.b3636,0.999
511145.b3321,511145.b4203,0.998
511145.b3321,511145.b3984,0.999
511145.b3321,511145.b3986,0.999
511145.b3321,511145.b3983,0.999
511145.b3321,511145.b3936,0.981
511145.b3321,511145.b3980,0.982
511145.b3321,511145.b3985,0.999
511145.b3321,511145.b3649,0.951
511145.b3321,511145.b3637,0.999
511145.b3321,511145.b3703,0.99
511145.b3321,511145.b3342,0.999
511145.b3321,511145.b3987,0.999
511145.b3339,511145.b3703,0.999
511145.b3339,511145.b3342,0.999
511145.b3339,511145.b3980,0.999
511145.b3339,511145.b3985,0.999
511145.b3339,511145.b3636,0.999
511145.b3339,511145.b3734,0.946
511145.b3339,511145.b4143,0.831
511145.b3339,511145.b4202,0.999
511145.b3339,511145.b3987,0.951
511145.b3339,511145.b3637,0.999
511145.b3339,511145.b3984,0.998
511145.b3339,511145.b3936,0.999
511145.b3339,511145.b3983,0.999
511145.b3339,511145.b3986,0.958
511145.b3339,511145.b3732,0.876
511145.b3339,511145.b4203,0.999
511145.b3339,511145.b4200,0.999
511145.b3339,511145.b3988,0.887
511145.b3339,511145.b3341,0.999
511145.b3339,511145.b3340,0.998
511145.b3340,511145.b3732,0.979
511145.b3340,511145.b3341,0.999
511145.b3340,511145.b3988,0.982
511145.b3340,511145.b4200,0.998
511145.b3340,511145.b4203,0.999
511145.b3340,511145.b3984,0.999
511145.b3340,511145.b3986,0.999
511145.b3340,511145.b3983,0.999
511145.b3340,511145.b3936,0.993
511145.b3340,511145.b3637,0.984
511145.b3340,511145.b3987,0.998
511145.b3340,511145.b3734,0.991
511145.b3340,511145.b4177,0.839
511145.b3340,511145.b4202,0.997
511145.b3340,511145.b4143,0.771
511145.b3340,511145.b3636,0.997
511145.b3340,511145.b3985,0.999
511145.b3340,511145.b3980,0.996
511145.b3340,511145.b3342,0.999
511145.b3340,511145.b3703,0.989
511145.b3341,511145.b3984,0.999
511145.b3341,511145.b3986,0.999
511145.b3341,511145.b3985,0.999
511145.b3341,511145.b3980,0.982
511145.b3341,511145.b3983,0.999
511145.b3341,511145.b3936,0.983
511145.b3341,511145.b3649,0.925
511145.b3341,511145.b3637,0.999
511145.b3341,511145.b3987,0.999
511145.b3341,511145.b3703,0.985
511145.b3341,511145.b3342,0.999
511145.b3341,511145.b3734,0.945
511145.b3341,511145.b4202,0.999
511145.b3341,511145.b3732,0.861
511145.b3341,511145.b4200,0.999
511145.b3341,511145.b3988,0.997
511145.b3341,511145.b4203,0.996
511145.b3341,511145.b3636,0.997
511145.b3342,511145.b3988,0.985
511145.b3342,511145.b4200,0.999
511145.b3342,511145.b3636,0.996
511145.b3342,511145.b4203,0.993
511145.b3342,511145.b4202,0.999
511145.b3342,511145.b3734,0.826
511145.b3342,511145.b3942,0.766
511145.b3342,511145.b3637,0.999
511145.b3342,511145.b3703,0.994
511145.b3342,511145.b3987,0.999
511145.b3342,511145.b3649,0.974
511145.b3342,511145.b3986,0.999
511145.b3342,511145.b3983,0.999
511145.b3342,511145.b3936,0.988
511145.b3342,511145.b3980,0.977
511145.b3342,511145.b3985,0.999
511145.b3342,511145.b3984,0.999
511145.b3349,511145.b3781,0.779
511145.b3403,511145.b4014,0.961
511145.b3403,511145.b4069,0.96
511145.b3403,511145.b4015,0.872
511145.b3403,511145.b3919,0.809
511145.b3403,511145.b4139,0.927
511145.b3460,511145.b3751,0.706
511145.b3460,511145.b3544,0.885
511145.b3495,511145.b3928,0.799
511145.b3509,511145.b3510,0.999
511145.b3509,511145.b3517,0.972
511145.b3510,511145.b3517,0.996
511145.b3517,511145.b4244,0.8
511145.b3517,511145.b3870,0.929
511145.b3517,511145.b4139,0.814
511145.b3517,511145.b4245,0.8
511145.b3517,511145.b4177,0.803
511145.b3544,511145.b4034,0.714
511145.b3544,511145.b3751,0.707
511145.b3609,511145.b4143,0.855
511145.b3609,511145.b4034,0.995
511145.b3636,511145.b3988,0.844
511145.b3636,511145.b4200,0.998
511145.b3636,511145.b4203,0.998
511145.b3636,511145.b4202,0.999
511145.b3636,511145.b3637,0.999
511145.b3636,511145.b3703,0.995
511145.b3636,511145.b3987,0.897
511145.b3636,511145.b3649,0.878
511145.b3636,511145.b3986,0.999
511145.b3636,511145.b3936,0.996
511145.b3636,511145.b3983,0.999
511145.b3636,511145.b3980,0.95
511145.b3636,511145.b3985,0.999
511145.b3636,511145.b3984,0.999
511145.b3637,511145.b3984,0.997
511145.b3637,511145.b3986,0.998
511145.b3637,511145.b3985,0.999
511145.b3637,511145.b3983,0.999
511145.b3637,511145.b3936,0.998
511145.b3637,511145.b3980,0.9
511145.b3637,511145.b3649,0.95
511145.b3637,511145.b3703,0.999
511145.b3637,511145.b3987,0.871
511145.b3637,511145.b4202,0.999
511145.b3637,511145.b4226,0.724
511145.b3637,511145.b4200,0.999
511145.b3637,511145.b3988,0.843
511145.b3637,511145.b4203,0.999
511145.b3649,511145.b3703,0.904
511145.b3649,511145.b3987,0.999
511145.b3649,511145.b3936,0.832
511145.b3649,511145.b3983,0.928
511145.b3649,511145.b3985,0.976
511145.b3649,511145.b3986,0.905
511145.b3649,511145.b3984,0.746
511145.b3649,511145.b4203,0.855
511145.b3649,511145.b3988,0.999
511145.b3649,511145.b4200,0.888
511145.b3649,511145.b3783,0.945
511145.b3649,511145.b4202,0.873
511145.b3703,511145.b3987,0.887
511145.b3703,511145.b3980,0.829
511145.b3703,511145.b3983,0.999
511145.b3703,511145.b3936,0.978
511145.b3703,511145.b3985,0.999
511145.b3703,511145.b3986,0.968
511145.b3703,511145.b3984,0.986
511145.b3703,511145.b4203,0.979
511145.b3703,511145.b3988,0.831
511145.b3703,511145.b4200,0.993
511145.b3703,511145.b3783,0.725
511145.b3703,511145.b4202,0.987
511145.b3732,511145.b3984,0.903
511145.b3732,511145.b3986,0.827
511145.b3732,511145.b3985,0.875
511145.b3732,511145.b3980,0.838
511145.b3732,511145.b3983,0.86
511145.b3732,511145.b3987,0.982
511145.b3732,511145.b3734,0.999
511145.b3732,511145.b4143,0.77
511145.b3732,511145.b4226,0.949
511145.b3732,511145.b3988,0.915
511145.b3734,511145.b3987,0.976
511145.b3734,511145.b3986,0.761
511145.b3734,511145.b3985,0.914
511145.b3734,511145.b3983,0.836
511145.b3734,511145.b3980,0.934
511145.b3734,511145.b3870,0.738
511145.b3734,511145.b3984,0.983
511145.b3734,511145.b3988,0.86
511145.b3734,511145.b4200,0.775
511145.b3734,511145.b4203,0.868
511145.b3734,511145.b4226,0.975
511145.b3734,511145.b4202,0.732
511145.b3751,511145.b4034,0.738
511145.b3774,511145.b3829,0.826
511145.b3781,511145.b4034,0.9
511145.b3781,511145.b3942,0.773
511145.b3781,511145.b4142,0.723
511145.b3781,511145.b3908,0.786
511145.b3781,511145.b3783,0.954
511145.b3783,511145.b3987,0.987
511145.b3783,511145.b3988,0.982
511145.b3870,511145.b4139,0.749
511145.b3870,511145.b4143,0.728
511145.b3908,511145.b3942,0.954
511145.b3936,511145.b3988,0.812
511145.b3936,511145.b4200,0.985
511145.b3936,511145.b4203,0.989
511145.b3936,511145.b4202,0.99
511145.b3936,511145.b3987,0.839
511145.b3936,511145.b3984,0.99
511145.b3936,511145.b3986,0.986
511145.b3936,511145.b3985,0.999
511145.b3936,511145.b3983,0.997
511145.b3936,511145.b3980,0.909
511145.b3942,511145.b3987,0.895
511145.b3942,511145.b4143,0.701
511145.b3980,511145.b4200,0.972
511145.b3980,511145.b3988,0.859
511145.b3980,511145.b4203,0.949
511145.b3980,511145.b3987,0.914
511145.b3980,511145.b3986,0.958
511145.b3980,511145.b3983,0.989
511145.b3980,511145.b3984,0.997
511145.b3980,511145.b4202,0.96
511145.b3980,511145.b4143,0.812
511145.b3980,511145.b3985,0.985
511145.b3983,511145.b4200,0.999
511145.b3983,511145.b3988,0.994
511145.b3983,511145.b4203,0.999
511145.b3983,511145.b4202,0.999
511145.b3983,511145.b4177,0.836
511145.b3983,511145.b3987,0.999
511145.b3983,511145.b3986,0.999
511145.b3983,511145.b3985,0.999
511145.b3983,511145.b3984,0.999
511145.b3984,511145.b4202,0.999
511145.b3984,511145.b4203,0.999
511145.b3984,511145.b4200,0.999
511145.b3984,511145.b3988,0.989
511145.b3984,511145.b3985,0.999
511145.b3984,511145.b3986,0.999
511145.b3984,511145.b3987,0.996
511145.b3985,511145.b4200,0.999
511145.b3985,511145.b3988,0.995
511145.b3985,511145.b4203,0.999
511145.b3985,511145.b4202,0.999
511145.b3985,511145.b3987,0.999
511145.b3985,511145.b3986,0.999
511145.b3986,511145.b4142,0.779
511145.b3986,511145.b4202,0.999
511145.b3986,511145.b4143,0.74
511145.b3986,511145.b4226,0.732
511145.b3986,511145.b3988,0.999
511145.b3986,511145.b4200,0.999
511145.b3986,511145.b4203,0.999
511145.b3986,511145.b3987,0.999
511145.b3987,511145.b4202,0.961
511145.b3987,511145.b4143,0.925
511145.b3987,511145.b3988,0.999
511145.b3987,511145.b4200,0.973
511145.b3987,511145.b4203,0.949
511145.b3988,511145.b4200,0.899
511145.b3988,511145.b4203,0.944
511145.b3988,511145.b4202,0.922
511145.b3988,511145.b4143,0.839
511145.b4014,511145.b4015,0.999
511145.b4014,511145.b4069,0.981
511145.b4015,511145.b4069,0.901
511145.b4034,511145.b4143,0.902
511145.b4034,511145.b4142,0.874
511145.b4139,511145.b4177,0.926
511145.b4139,511145.b4245,0.9
511145.b4139,511145.b4244,0.9
511145.b4142,511145.b4143,0.999
511145.b4177,511145.b4245,0.956
511145.b4177,511145.b4244,0.91
511145.b4200,511145.b4203,0.999
511145.b4200,511145.b4202,0.999
511145.b4202,511145.b4203,0.999
511145.b4243,511145.b4245,0.95
511145.b4243,511145.b4244,0.963
511145.b4244,511145.b4245,0.999
